Unnamed: 0,Date,Symbol,Open,High,Low,Close,Volume,Market Cap,daily_percentage_change,change_type,volatility_percentage
795,2018-01-05T00:00:00.000+05:30,$PAC,4.2E-5,2.2E-4,4.1E-5,2.18E-4,4.93842E7,1.42047E8,419.04761904761915,Up,419.04761904761915
538,2017-11-05T00:00:00.000+05:30,2GIVE,0.005317,0.009882,0.005187,0.008114,1279830.0,2746640.0,52.60485236035358,Up,52.60485236035358
1151,2017-08-06T00:00:00.000+05:30,ABY,0.004465,0.017242,0.004331,0.009211,5619720.0,3526690.0,106.29339305711085,Up,106.29339305711085
100,2018-01-04T00:00:00.000+05:30,ACT,0.418316,0.69919,0.371449,0.69919,3.11892E7,1.25495E8,67.14397728033352,Up,67.14397728033352
58,2017-11-28T00:00:00.000+05:30,ADA,0.050626,0.13173,0.047949,0.119744,2.40338E8,1.3126E9,136.52668589262439,Up,136.52668589262439
949,2018-01-09T00:00:00.000+05:30,ADC,0.012677,0.029271,0.010751,0.021633,1050840.0,1.06354E7,70.64762956535456,Up,70.64762956535456
64,2017-10-08T00:00:00.000+05:30,ADK,7.33,17.38,6.23,14.25,1306090.0,7.47859E7,94.40654843110504,Up,94.40654843110504
788,2017-09-30T00:00:00.000+05:30,AEON,1.76,3.26,1.76,2.79,4083220.0,2.58554E7,58.52272727272727,Up,58.52272727272727
13,2017-10-29T00:00:00.000+05:30,AKY,0.246358,5.08,0.245956,2.73,1527160.0,NaN,1008.143433539808,Up,1008.143433539808
1419,2017-06-19T00:00:00.000+05:30,ANC,1.36,2.71,1.32,2.49,1042510.0,2878390.0,83.08823529411765,Up,83.08823529411765
440,2017-12-12T00:00:00.000+05:30,ARDR,0.616162,1.06,0.598177,1.02,4.56812E7,6.15545E8,65.5408804827302,Up,65.5408804827302
145,2017-08-14T00:00:00.000+05:30,ARK,0.866589,1.66,0.866589,1.65,1.01064E7,8.39503E7,90.40167830424801,Up,90.40167830424801
250,2018-05-03T00:00:00.000+05:30,ASN,0.026459,0.064665,0.026396,0.035398,1272450.0,NaN,33.78434559129219,Up,33.78434559129219
110,2018-01-07T00:00:00.000+05:30,ATB,0.696303,1.63,0.648226,1.37,7206070.0,2.79474E7,96.75342487394138,Up,96.75342487394138
91,2017-12-01T00:00:00.000+05:30,ATMC,2.28,3.0,2.28,3.0,9014570.0,NaN,31.578947368421062,Up,31.578947368421062
1378,2017-12-06T00:00:00.000+05:30,AUR,0.97021,2.72,0.97021,2.57,3200180.0,8400220.0,164.89110604920583,Up,164.89110604920583
19,2017-11-08T00:00:00.000+05:30,B2X,1331.57,1347.87,181.09,183.03,1384530.0,NaN,-86.25457167103494,Down,86.25457167103494
206,2017-06-23T00:00:00.000+05:30,BASH,0.026332,0.053372,0.026332,0.051336,1.74145E7,1.90387E7,94.95670666869206,Up,94.95670666869206
1128,2017-12-18T00:00:00.000+05:30,BAY,0.12974,0.263578,0.124115,0.24623,3.47137E7,1.30821E8,89.78726684137507,Up,89.78726684137507
1097,2017-06-25T00:00:00.000+05:30,BBR,0.35915,0.779259,0.346119,0.398582,1118170.0,3423590.0,10.979256578031453,Up,10.979256578031453
3,2018-01-16T00:00:00.000+05:30,BCA,1144.19,1300.87,712.37,804.76,1130430.0,NaN,-29.665527578461624,Down,29.665527578461624
361,2018-01-16T00:00:00.000+05:30,BCC,255.91,331.06,19.28,19.28,5920560.0,1.60114E9,-92.4661013637607,Down,92.4661013637607
71,2018-02-03T00:00:00.000+05:30,BCD,10.06,42.36,8.68,42.36,6221040.0,NaN,321.07355864811126,Up,321.07355864811126
110,2017-11-10T00:00:00.000+05:30,BCH,651.77,1034.77,651.77,1007.42,5.19542E9,1.0933E10,54.56679503505838,Up,54.56679503505838
1015,2017-03-28T00:00:00.000+05:30,BCN,5.2E-5,4.45E-4,4.3E-5,2.57E-4,5614880.0,9527800.0,394.2307692307693,Up,394.2307692307693
83,2018-01-01T00:00:00.000+05:30,BCO,8.27,9.61,6.62,8.11,1282750.0,2.2332E8,-1.9347037484885148,Down,1.9347037484885148
126,2018-04-20T00:00:00.000+05:30,BCX,0.007103,0.01422,0.007066,0.013613,7935570.0,NaN,91.65141489511474,Up,91.65141489511474
70,2017-09-19T00:00:00.000+05:30,BDL,0.291971,0.958368,0.286646,0.632108,2182160.0,3.50005E7,116.49684386463042,Up,116.49684386463042
98,2018-01-07T00:00:00.000+05:30,BIS,4.64,6.85,4.23,5.93,1110680.0,3.18475E7,27.80172413793104,Up,27.80172413793104
838,2017-06-05T00:00:00.000+05:30,BITB,0.003098,0.012213,0.003076,0.008101,5553000.0,6079010.0,161.49128469980633,Up,161.49128469980633
1063,2017-03-28T00:00:00.000+05:30,BITS,0.025975,0.030892,0.019601,0.027948,2215930.0,488877.0,7.5957651588065405,Up,7.5957651588065405
389,2018-05-11T00:00:00.000+05:30,BLAZR,0.002458,0.007933,0.002264,0.006566,1109100.0,NaN,167.12774613506915,Up,167.12774613506915
1134,2017-12-24T00:00:00.000+05:30,BLITZ,2.45,6.44,2.12,5.22,6986120.0,1.0065E7,113.0612244897959,Up,113.0612244897959
44,2014-04-13T00:00:00.000+05:30,BLK,0.069231,0.160805,0.068622,0.160805,1991660.0,5158040.0,132.27311464517342,Up,132.27311464517342
1029,2017-08-26T00:00:00.000+05:30,BLOCK,15.77,23.49,14.88,23.03,1154930.0,6.25223E7,46.03677869372227,Up,46.03677869372227
99,2018-02-02T00:00:00.000+05:30,BOS,1.69,1.73,0.640969,1.07,4520690.0,NaN,-36.68639053254437,Down,36.68639053254437
1109,2017-06-12T00:00:00.000+05:30,BOST,0.412809,0.564826,0.368579,0.428297,1481330.0,4894050.0,3.7518561853060377,Up,3.7518561853060377
548,2017-12-16T00:00:00.000+05:30,BRK,0.328181,0.788258,0.293483,0.788258,1765940.0,5953880.0,140.19001709422545,Up,140.19001709422545
350,2017-06-26T00:00:00.000+05:30,BRX,0.3907,2.16,0.36634,0.718587,2679490.0,2448940.0,83.92295879191195,Up,83.92295879191195
959,2017-07-14T00:00:00.000+05:30,BSD,0.211213,0.60057,0.199055,0.423639,1254540.0,3322540.0,100.57430177119777,Up,100.57430177119777
181,2018-04-16T00:00:00.000+05:30,BSR,8.35E-4,0.006365,8.34E-4,0.004747,6618280.0,NaN,468.50299401197606,Up,468.50299401197606
52,2017-12-19T00:00:00.000+05:30,BT2,131.97,499.2,126.72,333.56,6664700.0,NaN,152.75441388194287,Up,152.75441388194287
819,2017-08-25T00:00:00.000+05:30,BTA,0.617967,1.13,0.613858,0.833704,2447510.0,3071710.0,34.91076384337674,Up,34.91076384337674
1,2017-11-02T00:00:00.000+05:30,BTBc,0.686922,2.19,0.686922,1.38,1748760.0,NaN,100.89617161773823,Up,100.89617161773823
1684,2017-12-07T00:00:00.000+05:30,BTC,14266.1,17899.7,14057.3,17899.7,1.79507E10,2.386E11,25.470170544157128,Up,25.470170544157128
985,2017-03-27T00:00:00.000+05:30,BTCD,4.88,41.23,4.85,26.82,9254600.0,6293990.0,449.5901639344263,Up,449.5901639344263
33,2018-04-12T00:00:00.000+05:30,BTCP,15.04,29.85,14.42,29.56,1069420.0,NaN,96.54255319148936,Up,96.54255319148936
19,2017-11-11T00:00:00.000+05:30,BTG,213.12,509.81,213.12,427.13,1.87191E8,NaN,100.4176051051051,Up,100.4176051051051
1097,2017-08-20T00:00:00.000+05:30,BTM,0.3461,1.23,0.332661,0.980174,3974100.0,1350200.0,183.20543195608207,Up,183.20543195608207
1053,2017-06-08T00:00:00.000+05:30,BTS,0.104821,0.177156,0.095568,0.177156,1.33216E8,2.72781E8,69.0081186021885,Up,69.0081186021885
1,2018-01-31T00:00:00.000+05:30,BTW,0.231959,0.845868,0.226873,0.845868,1924840.0,NaN,264.6627205669967,Up,264.6627205669967
202,2017-11-15T00:00:00.000+05:30,BTX,15.79,28.24,15.35,27.06,9795290.0,1.67742E8,71.37428752374922,Up,71.37428752374922
745,2016-09-13T00:00:00.000+05:30,BURST,4.49E-4,0.001799,4.44E-4,0.001131,2850400.0,704708.0,151.89309576837417,Up,151.89309576837417
118,2018-01-09T00:00:00.000+05:30,BUZZ,0.001834,0.002508,0.001631,0.001789,1067590.0,2.02298E7,-2.4536532170119902,Down,2.4536532170119902
25,2018-01-02T00:00:00.000+05:30,BWK,8.79,13.44,8.72,11.26,1169780.0,1.37627E7,28.10011376564279,Up,28.10011376564279
1129,2017-12-26T00:00:00.000+05:30,BYC,1.27,1.99,1.17,1.8,2013010.0,2433300.0,41.73228346456693,Up,41.73228346456693
1010,2017-03-28T00:00:00.000+05:30,C2,0.003499,0.008704,0.002785,0.00421,2657860.0,349851.0,20.32009145470135,Up,20.32009145470135
454,2018-01-14T00:00:00.000+05:30,CALC,0.001566,0.010729,0.001337,0.005925,1598510.0,136.0,278.35249042145597,Up,278.35249042145597
1246,2017-12-30T00:00:00.000+05:30,CANN,0.129774,0.271113,0.109106,0.237804,1.45705E7,1.00226E7,83.2447177400712,Up,83.2447177400712
11,2018-01-31T00:00:00.000+05:30,CHAT,0.280152,0.541467,0.261245,0.417415,8.33693E7,NaN,48.99590222450668,Up,48.99590222450668
707,2017-07-12T00:00:00.000+05:30,CHC,0.826556,3.52,0.826556,2.65,5076570.0,1.23997E7,220.6074361567758,Up,220.6074361567758
561,2018-01-23T00:00:00.000+05:30,CJ,0.005179,0.01204,0.004617,0.011735,2715530.0,2105710.0,126.58814442942656,Up,126.58814442942656
16,2018-04-27T00:00:00.000+05:30,CKUSD,1.01,1.01,0.952097,0.961984,2.17595E8,NaN,-4.7540594059406,Down,4.7540594059406
1144,2017-10-13T00:00:00.000+05:30,CLAM,12.2,12.36,3.89,6.49,2.06081E7,3.24504E7,-46.803278688524586,Down,46.803278688524586
1093,2017-06-04T00:00:00.000+05:30,CLOAK,0.945427,3.56,0.871836,2.94,1478150.0,4731180.0,210.97059847032082,Up,210.97059847032082
681,2017-11-01T00:00:00.000+05:30,CLUB,0.94898,1.87,0.932008,1.68,7277070.0,NaN,77.03218192164218,Up,77.03218192164218
708,2018-02-24T00:00:00.000+05:30,CME,3.04E-4,0.005377,2.0E-4,0.003981,1018830.0,NaN,1209.5394736842104,Up,1209.5394736842104
165,2018-01-08T00:00:00.000+05:30,CMPCO,0.013491,0.044518,0.012252,0.043039,1904160.0,4325230.0,219.0200874657179,Up,219.0200874657179
183,2018-04-12T00:00:00.000+05:30,CNX,4.84,5.6,4.49,5.44,1413110.0,2.19013E8,12.396694214876044,Up,12.396694214876044
91,2017-12-29T00:00:00.000+05:30,COLX,0.003878,0.012779,0.003607,0.010197,4028900.0,1.56186E7,162.94481691593606,Up,162.94481691593606
199,2018-01-09T00:00:00.000+05:30,COUPE,1.5E-4,6.18E-4,1.48E-4,5.86E-4,1344510.0,NaN,290.66666666666674,Up,290.66666666666674
887,2017-12-26T00:00:00.000+05:30,CPC,0.737129,2.03,0.725958,1.77,2.35318E7,1466920.0,140.12079296839494,Up,140.12079296839494
30,2017-12-06T00:00:00.000+05:30,CRDNC,0.517466,0.558988,0.036091,0.048274,1563160.0,1771000.0,-90.67107790656777,Down,90.67107790656777
241,2018-01-10T00:00:00.000+05:30,CREA,0.735554,1.46,0.716317,1.34,1007050.0,9644310.0,82.17561185174712,Up,82.17561185174712
1061,2017-12-18T00:00:00.000+05:30,CRW,3.02,3.96,2.93,3.54,1316960.0,4.95732E7,17.218543046357617,Up,17.218543046357617
539,2018-01-11T00:00:00.000+05:30,CRX,0.019071,0.10966,0.019005,0.051709,1628870.0,1406110.0,171.13942635415026,Up,171.13942635415026
22,2014-06-17T00:00:00.000+05:30,CRYPT,0.439171,0.86786,0.425155,0.756702,1746740.0,983217.0,72.30236058391834,Up,72.30236058391834
1259,2017-11-05T00:00:00.000+05:30,CURE,0.214439,0.912016,0.214439,0.532663,1.26588E7,5102420.0,148.3983790262033,Up,148.3983790262033
124,2018-01-15T00:00:00.000+05:30,CYDER,0.131826,0.157542,0.027967,0.09581,1045420.0,NaN,-27.320862348853787,Down,27.320862348853787
1367,2017-11-12T00:00:00.000+05:30,DASH,345.68,536.12,327.8,536.12,4.76198E8,2.65584E9,55.09141402453136,Up,55.09141402453136
43,2018-01-30T00:00:00.000+05:30,DAV,21.05,26.37,4.82,16.59,1115390.0,NaN,-21.18764845605701,Down,21.18764845605701
277,2018-01-08T00:00:00.000+05:30,DBIX,11.94,20.54,11.78,20.54,3131470.0,2.17817E7,72.02680067001675,Up,72.02680067001675
410,2017-03-26T00:00:00.000+05:30,DCR,10.29,21.22,10.29,15.19,1.53408E7,4.22248E7,47.61904761904763,Up,47.61904761904763
200,2017-07-02T00:00:00.000+05:30,DCT,7.41,37.22,0.975768,1.11,1847500.0,NaN,-85.02024291497975,Down,85.02024291497975
36,2018-05-23T00:00:00.000+05:30,DEV,4.18,5.04,4.01,4.85,1268830.0,1.01742E7,16.028708133971293,Up,16.028708133971293
107,2018-01-08T00:00:00.000+05:30,DFS,0.049617,0.928567,0.043646,0.851741,1.51568E7,822267.0,1616.6313964971682,Up,1616.6313964971682
238,2018-03-14T00:00:00.000+05:30,DFT,1.76,1.98,0.473579,1.11,1056770.0,1.35871E7,-36.93181818181818,Down,36.93181818181818
1195,2017-05-16T00:00:00.000+05:30,DGB,0.002002,0.00675,0.001925,0.006374,3.42448E7,1.6228E7,218.38161838161844,Up,218.38161838161844
1501,2017-07-20T00:00:00.000+05:30,DGC,0.149257,0.257574,0.146147,0.246206,1337610.0,3915080.0,64.95440749847579,Up,64.95440749847579
1356,2018-01-06T00:00:00.000+05:30,DIME,4.7E-5,1.51E-4,4.7E-5,1.51E-4,1132000.0,2.51556E7,221.27659574468086,Up,221.27659574468086
199,2017-05-11T00:00:00.000+05:30,DMC,0.896298,0.999845,0.895252,0.999793,1084260.0,NaN,11.546940861186792,Up,11.546940861186792
1285,2017-06-28T00:00:00.000+05:30,DMD,2.9,8.84,2.75,5.79,4345100.0,6271370.0,99.65517241379311,Up,99.65517241379311
36,2014-01-20T00:00:00.000+05:30,DOGE,6.97E-4,0.001341,6.85E-4,0.001253,9061440.0,2.21812E7,79.77044476327116,Up,79.77044476327116
1192,2017-06-20T00:00:00.000+05:30,DOPE,0.011491,0.05036,0.011041,0.042216,2489780.0,1276460.0,267.3831694369506,Up,267.3831694369506
100,2017-07-04T00:00:00.000+05:30,DYN,1.4,3.05,1.28,2.33,1895170.0,2302210.0,66.42857142857144,Up,66.42857142857144
11,2017-11-27T00:00:00.000+05:30,EAG,3.82,4.25,2.12,3.41,1003800.0,NaN,-10.73298429319371,Down,10.73298429319371
214,2018-01-06T00:00:00.000+05:30,EBST,0.526673,1.06,0.516591,1.06,9551720.0,6320080.0,101.2634025287038,Up,101.2634025287038
159,2017-09-24T00:00:00.000+05:30,EBT,0.005872,0.006395,0.004886,0.005183,1032650.0,6870.0,-11.733651226158031,Down,11.733651226158031
182,2017-12-31T00:00:00.000+05:30,ECA,7.82E-4,0.002755,5.59E-4,0.001979,4063300.0,1.76434E7,153.06905370843987,Up,153.06905370843987
1381,2018-01-08T00:00:00.000+05:30,ECC,0.001628,0.002729,0.001459,0.002718,1097610.0,4.07124E7,66.95331695331693,Up,66.95331695331693
0,2016-08-26T00:00:00.000+05:30,EDR,459.88,1741.66,459.88,1738.96,1101000.0,NaN,278.13342611115945,Up,278.13342611115945
54,2016-06-01T00:00:00.000+05:30,EDRC,1.13,16.65,1.05,9.93,2173190.0,NaN,778.7610619469028,Up,778.7610619469028
1324,2017-11-09T00:00:00.000+05:30,EFL,0.124859,0.318256,0.12114,0.301348,1846250.0,1938310.0,141.35064352589723,Up,141.35064352589723
611,2017-09-12T00:00:00.000+05:30,EGC,0.159367,0.358969,0.157268,0.300158,3636650.0,2122980.0,88.34388549699747,Up,88.34388549699747
5,2018-02-06T00:00:00.000+05:30,ELA,41.32,58.01,35.68,57.79,4.31873E7,NaN,39.85963213939981,Up,39.85963213939981
153,2017-12-27T00:00:00.000+05:30,EMB,4.1E-5,3.56E-4,2.3E-5,3.56E-4,1264230.0,3813810.0,768.2926829268291,Up,768.2926829268291
937,2017-05-13T00:00:00.000+05:30,EMC,0.610229,1.25,0.56445,1.16,5001380.0,2.44266E7,90.09257180501089,Up,90.09257180501089
1327,2017-11-26T00:00:00.000+05:30,EMC2,0.220474,0.607233,0.220474,0.549802,1.55757E8,4.76305E7,149.37271515008572,Up,149.37271515008572
1136,2017-06-24T00:00:00.000+05:30,ENRG,0.128034,0.473615,0.120882,0.208338,1913490.0,1.5492E7,62.720839776934234,Up,62.720839776934234
796,2017-08-22T00:00:00.000+05:30,ERC,0.21585,0.747157,0.187658,0.425,4048740.0,2134990.0,96.895992587445,Up,96.895992587445
351,2018-01-26T00:00:00.000+05:30,ERY,0.08867,0.328887,0.08429,0.328887,1303070.0,498001.0,270.9112439381978,Up,270.9112439381978
543,2018-01-08T00:00:00.000+05:30,ESP,0.001466,0.002659,0.001341,0.002214,2405760.0,3.05873E7,51.02319236016369,Up,51.02319236016369
2,2016-07-26T00:00:00.000+05:30,ETC,0.604737,2.85,0.600358,2.55,1.03066E8,4.97683E7,321.67090817991954,Up,321.67090817991954
4,2015-08-11T00:00:00.000+05:30,ETH,0.708087,1.13,0.663235,1.07,1463100.0,4.27965E7,51.111374732200986,Up,51.111374732200986
115,2018-01-12T00:00:00.000+05:30,ETHD,0.444269,1.58,0.423534,1.2,1924690.0,666403.0,170.1066245900569,Up,170.1066245900569
11,2017-11-13T00:00:00.000+05:30,ETN,0.024912,0.041934,0.024202,0.040773,1453060.0,1.27423E8,63.66811175337186,Up,63.66811175337186
107,2017-09-20T00:00:00.000+05:30,ETP,0.531565,2.91,0.459299,2.78,3685140.0,1.20134E7,422.9840188876243,Up,422.9840188876243
1181,2017-12-25T00:00:00.000+05:30,EXCL,2.71,4.8,2.58,3.63,1.72064E7,1.18958E7,33.94833948339483,Up,33.94833948339483
149,2016-02-11T00:00:00.000+05:30,EXP,0.048022,1.1,0.046033,1.1,1315320.0,56204.0,2190.616800633043,Up,2190.616800633043
1127,2017-06-20T00:00:00.000+05:30,FAIR,0.089029,0.437904,0.089004,0.201803,1657930.0,4730770.0,126.67108470273733,Up,126.67108470273733
76,2015-12-21T00:00:00.000+05:30,FCT,0.296701,0.886848,0.266564,0.669891,1579260.0,2598120.0,125.77982548087132,Up,125.77982548087132
3,2017-12-16T00:00:00.000+05:30,FIL,12.9,21.95,12.87,20.5,2137330.0,NaN,58.914728682170534,Up,58.914728682170534
195,2018-01-07T00:00:00.000+05:30,FLASH,0.115253,0.239232,0.087981,0.194226,3196890.0,1.03728E8,68.52142677414038,Up,68.52142677414038
1365,2017-08-23T00:00:00.000+05:30,FLO,0.048986,0.101939,0.048556,0.08783,1771490.0,6680880.0,79.29612542359041,Up,79.29612542359041
503,2018-05-22T00:00:00.000+05:30,FRGC,5.7,7.14,5.67,7.13,1496770.0,NaN,25.08771929824561,Up,25.08771929824561
376,2018-02-16T00:00:00.000+05:30,FRST,1.88,2.06,0.802626,1.4,1033620.0,3518430.0,-25.53191489361702,Down,25.53191489361702
1599,2017-09-18T00:00:00.000+05:30,FTC,0.033722,0.064871,0.033722,0.056573,1655590.0,5921290.0,67.76288476365576,Up,67.76288476365576
451,2018-01-06T00:00:00.000+05:30,GAIN,0.005642,0.125661,0.005632,0.042712,1196140.0,NaN,657.0365118752215,Up,657.0365118752215
936,2018-01-07T00:00:00.000+05:30,GAM,25.63,46.38,24.45,35.25,1634430.0,3.07636E7,37.53413968006243,Up,37.53413968006243
980,2017-05-16T00:00:00.000+05:30,GAME,1.54,2.41,1.47,2.41,1.11039E7,9.62772E7,56.493506493506494,Up,56.493506493506494
533,2017-11-29T00:00:00.000+05:30,GB,0.129704,0.405095,0.129645,0.256837,1071620.0,1975350.0,98.01779436254854,Up,98.01779436254854
241,2017-10-12T00:00:00.000+05:30,GBG,0.083878,0.293969,0.083878,0.176261,9192480.0,NaN,110.13972674598824,Up,110.13972674598824
354,2017-12-16T00:00:00.000+05:30,GBYTE,354.02,770.21,319.54,603.91,3.9247E7,2.28421E8,70.58640754759618,Up,70.58640754759618
426,2018-05-17T00:00:00.000+05:30,GCC,0.005528,0.010905,0.004884,0.007523,1175990.0,4526910.0,36.089001447178006,Up,36.089001447178006
1143,2018-01-03T00:00:00.000+05:30,GCN,7.8E-5,2.59E-4,7.7E-5,1.58E-4,1931360.0,1.16649E7,102.56410256410255,Up,102.56410256410255
832,2017-12-05T00:00:00.000+05:30,GCR,0.197616,0.444486,0.187379,0.435955,1.5624E7,2.04472E7,120.60713707392112,Up,120.60713707392112
1641,2017-12-18T00:00:00.000+05:30,GLD,0.185101,0.368464,0.176041,0.36794,1349200.0,7532730.0,98.77796446264473,Up,98.77796446264473
363,2017-12-11T00:00:00.000+05:30,GOLOS,0.190818,0.396154,0.190818,0.218183,3161280.0,2.37605E7,14.340890272406167,Up,14.340890272406167
802,2017-05-10T00:00:00.000+05:30,GRC,0.02013,0.056765,0.01767,0.03732,6978670.0,7850970.0,85.39493293591654,Up,85.39493293591654
1452,2018-04-02T00:00:00.000+05:30,GRS,0.276756,0.735191,0.27659,0.670551,2.07921E8,1.93024E7,142.2895980574947,Up,142.2895980574947
43,2017-08-07T00:00:00.000+05:30,GXS,2.65,4.19,2.51,4.19,3.76589E7,NaN,58.11320754716983,Up,58.11320754716983
1,2017-12-29T00:00:00.000+05:30,HBC,6.31,11.13,6.11,11.13,3936710.0,NaN,76.38668779714742,Up,76.38668779714742
6,2017-11-08T00:00:00.000+05:30,HIGH,0.003273,0.009198,0.003042,0.006578,1031670.0,NaN,100.97769630308586,Up,100.97769630308586
18,2017-09-07T00:00:00.000+05:30,HSR,9.82,22.41,9.34,19.4,3.48487E7,3.29917E8,97.5560081466395,Up,97.5560081466395
10,2018-02-13T00:00:00.000+05:30,HT,1.58,2.43,1.56,2.19,1.85762E8,NaN,38.60759493670885,Up,38.60759493670885
8,2018-01-05T00:00:00.000+05:30,HTML,0.001826,0.005286,0.001667,0.005096,1.44827E7,NaN,179.07995618838993,Up,179.07995618838993
1138,2017-04-04T00:00:00.000+05:30,HUC,0.036408,0.118636,0.036382,0.0702,2584340.0,610550.0,92.81476598549767,Up,92.81476598549767
401,2018-01-06T00:00:00.000+05:30,HUSH,7.03,16.4,6.9,13.34,1302450.0,1.57662E7,89.75817923186344,Up,89.75817923186344
2,2017-12-16T00:00:00.000+05:30,HWC,21.01,24.86,19.85,24.26,1224730.0,NaN,15.468824369347928,Up,15.468824369347928
490,2018-05-13T00:00:00.000+05:30,HXX,9.78,16.58,9.53,15.97,1562660.0,1.57955E7,63.29243353783232,Up,63.29243353783232
333,2017-12-19T00:00:00.000+05:30,ICOB,0.004067,0.021684,0.003999,0.013939,1086820.0,433942.0,242.7342021145807,Up,242.7342021145807
1401,2017-05-21T00:00:00.000+05:30,IFC,6.5E-5,1.85E-4,6.4E-5,1.79E-4,2.15546E7,5868210.0,175.3846153846154,Up,175.3846153846154
845,2018-01-12T00:00:00.000+05:30,INFX,2.02,3.23,1.89,2.7,1993450.0,3385120.0,33.66336633663367,Up,33.66336633663367
1266,2018-01-19T00:00:00.000+05:30,IOC,4.92,7.13,4.85,6.88,5868790.0,8.10304E7,39.83739837398374,Up,39.83739837398374
605,2018-03-01T00:00:00.000+05:30,ION,2.42,5.43,2.4,3.94,7.3775E7,4.85494E7,62.8099173553719,Up,62.8099173553719
294,2017-09-19T00:00:00.000+05:30,IOP,1.37,4.72,1.31,3.88,2.19093E7,NaN,183.21167883211675,Up,183.21167883211675
483,2018-01-07T00:00:00.000+05:30,KB3,0.011542,0.029136,0.010301,0.028539,3725140.0,5701180.0,147.26217293363365,Up,147.26217293363365
188,2017-08-12T00:00:00.000+05:30,KMD,1.15,2.14,1.13,1.89,6092880.0,1.16171E8,64.34782608695653,Up,64.34782608695653
1007,2017-06-23T00:00:00.000+05:30,KORE,0.499626,1.85,0.471424,1.8,1378830.0,914790.0,260.2694815722161,Up,260.2694815722161
5,2018-04-28T00:00:00.000+05:30,KST,0.046885,0.081579,0.044071,0.075015,2771350.0,NaN,59.99786712168069,Up,59.99786712168069
305,2017-05-08T00:00:00.000+05:30,LBC,0.099744,0.196316,0.099744,0.154401,3802320.0,6595620.0,54.79728103946103,Up,54.79728103946103
10,2018-03-03T00:00:00.000+05:30,LCC,1.08,4.09,1.06,2.83,1678890.0,NaN,162.037037037037,Up,162.037037037037
869,2018-01-30T00:00:00.000+05:30,LEA,0.001344,0.007085,0.001235,0.003187,2828900.0,442438.0,137.1279761904762,Up,137.1279761904762
819,2017-10-31T00:00:00.000+05:30,LEO,0.320632,0.40228,0.298048,0.383745,1275940.0,2.96437E7,19.6839367249682,Up,19.6839367249682
11,2018-02-05T00:00:00.000+05:30,LET,0.085298,0.086299,0.052832,0.055123,1.32232E7,NaN,-35.375975990058386,Down,35.375975990058386
169,2017-12-31T00:00:00.000+05:30,LINDA,5.18E-4,0.001269,5.18E-4,0.001253,1258260.0,3107860.0,141.89189189189187,Up,141.89189189189187
264,2017-08-05T00:00:00.000+05:30,LKK,0.305673,0.408311,0.305673,0.376146,1901820.0,7.86002E7,23.055029394156506,Up,23.055029394156506
90,2016-12-24T00:00:00.000+05:30,LMC,0.017708,0.040155,0.017434,0.03774,3323530.0,3722240.0,113.12401174610345,Up,113.12401174610345
50,2016-05-26T00:00:00.000+05:30,LSK,0.269664,0.50095,0.269568,0.50095,1.39818E7,2.69664E7,85.76821526047227,Up,85.76821526047227
1432,2017-03-30T00:00:00.000+05:30,LTC,4.18,7.04,4.15,6.98,1.91251E8,2.10627E8,66.98564593301437,Up,66.98564593301437
38,2017-12-04T00:00:00.000+05:30,LUX,4.27,9.08,4.25,8.84,1534250.0,2170100.0,107.02576112412179,Up,107.02576112412179
5,2017-12-24T00:00:00.000+05:30,MAGE,16.95,246.89,4.88,8.94,2153080.0,NaN,-47.256637168141594,Down,47.256637168141594
1308,2017-09-12T00:00:00.000+05:30,MAX,0.006579,0.039786,0.006521,0.037029,1777950.0,396002.0,462.8362973096215,Up,462.8362973096215
1439,2017-06-20T00:00:00.000+05:30,MEC,0.118062,0.286909,0.118062,0.249119,6933490.0,3882640.0,111.00692856295844,Up,111.00692856295844
636,2017-12-11T00:00:00.000+05:30,MEME,0.351672,1.2,0.350273,0.872693,8.01434E7,5788100.0,148.15538342546466,Up,148.15538342546466
1418,2018-01-07T00:00:00.000+05:30,MINT,0.001029,0.003116,8.55E-4,0.002776,1.07475E7,2.56725E7,169.77648202138,Up,169.77648202138
174,2017-12-04T00:00:00.000+05:30,MIOTA,1.89,2.98,1.89,2.76,1.09062E9,5.26507E9,46.03174603174603,Up,46.03174603174603
19,2018-03-01T00:00:00.000+05:30,MLM,0.050182,0.162772,0.048998,0.161808,2706450.0,NaN,222.44230999163048,Up,222.44230999163048
17,2018-02-26T00:00:00.000+05:30,MNTP,3.09,3.15,2.95,3.15,1108070.0,5300650.0,1.9417475728155358,Up,1.9417475728155358
31,2017-12-03T00:00:00.000+05:30,MNX,43.15,70.31,42.69,49.31,1259840.0,1.29452E8,14.275782155272315,Up,14.275782155272315
1273,2017-10-12T00:00:00.000+05:30,MONA,1.45,3.43,1.37,3.4,4.08897E7,7.93309E7,134.48275862068965,Up,134.48275862068965
1454,2018-01-01T00:00:00.000+05:30,MOON,2.63E-4,5.64E-4,2.59E-4,5.05E-4,2824080.0,5.86038E7,92.0152091254753,Up,92.0152091254753
0,2017-10-01T00:00:00.000+05:30,MSD,0.221365,0.234221,0.071137,0.197822,1317090.0,NaN,-10.635375962776413,Down,10.635375962776413
1131,2017-12-06T00:00:00.000+05:30,MUE,0.210364,0.42171,0.18091,0.301884,1.39564E7,2.18455E7,43.50554277347835,Up,43.50554277347835
294,2018-01-06T00:00:00.000+05:30,MUSIC,0.060718,0.09968,0.060012,0.095507,7956870.0,3.3005E7,57.29602424322275,Up,57.29602424322275
6,2014-03-05T00:00:00.000+05:30,MZC,0.09919,0.115988,0.052239,0.066828,1043060.0,9220680.0,-32.62627280975905,Down,32.62627280975905
284,2017-12-31T00:00:00.000+05:30,NANO,12.03,21.66,11.93,21.66,4.27163E7,1.60363E9,80.04987531172071,Up,80.04987531172071
1177,2017-09-01T00:00:00.000+05:30,NAV,0.850036,1.91,0.850036,1.9,5.28159E7,5.24531E7,123.51994503762191,Up,123.51994503762191
116,2018-01-06T00:00:00.000+05:30,NEBL,7.75,28.38,7.62,22.86,7.22468E7,9.84524E7,194.96774193548387,Up,194.96774193548387
283,2017-06-19T00:00:00.000+05:30,NEO,5.46,11.81,5.46,11.72,2.81341E8,2.73011E8,114.65201465201467,Up,114.65201465201467
737,2016-09-01T00:00:00.000+05:30,NEOS,0.108396,0.424294,0.100888,0.402831,1023160.0,921949.0,271.62902690136167,Up,271.62902690136167
457,2018-01-05T00:00:00.000+05:30,NLC2,0.393622,0.506033,0.355787,0.372197,1004190.0,8.06793E7,-5.443039261016922,Down,5.443039261016922
1375,2018-01-12T00:00:00.000+05:30,NLG,0.386837,0.499114,0.347034,0.487491,7117060.0,1.50923E8,26.019744750372904,Up,26.019744750372904
1415,2017-03-13T00:00:00.000+05:30,NMC,0.400307,0.930168,0.380545,0.809157,5195630.0,5899080.0,102.13411206898704,Up,102.13411206898704
3,2018-01-12T00:00:00.000+05:30,NMS,18.22,32.29,17.26,28.92,1035540.0,NaN,58.72667398463229,Up,58.72667398463229
1132,2017-03-28T00:00:00.000+05:30,NOBL,1.46E-4,7.23E-4,1.24E-4,3.67E-4,2365740.0,335033.0,151.36986301369862,Up,151.36986301369862
1159,2017-05-10T00:00:00.000+05:30,NOTE,0.02444,0.05935,0.023058,0.055658,1297980.0,2710340.0,127.73322422258593,Up,127.73322422258593
813,2017-07-13T00:00:00.000+05:30,NTRN,0.038712,0.344511,0.038712,0.270509,1582380.0,1135680.0,598.7729902872494,Up,598.7729902872494
1417,2017-03-16T00:00:00.000+05:30,NVC,1.93,3.76,1.91,3.14,2631410.0,3216580.0,62.694300518134725,Up,62.694300518134725
1072,2018-01-04T00:00:00.000+05:30,NXS,3.98,9.02,3.82,8.5,3.04861E7,2.17967E8,113.56783919597989,Up,113.56783919597989
1459,2017-12-02T00:00:00.000+05:30,NXT,0.227519,0.399538,0.224983,0.366774,1.04003E8,2.27292E8,61.205877311345425,Up,61.205877311345425
1331,2018-01-06T00:00:00.000+05:30,NYC,1.59E-4,5.08E-4,1.53E-4,4.83E-4,1217110.0,2.05373E7,203.77358490566039,Up,203.77358490566039
86,2018-04-26T00:00:00.000+05:30,OC,0.005695,0.016527,0.005677,0.012992,2.39148E7,NaN,128.1299385425812,Up,128.1299385425812
46,2018-04-27T00:00:00.000+05:30,OCC,2.7,6.62,2.66,4.38,1482830.0,1024600.0,62.222222222222214,Up,62.222222222222214
101,2018-01-09T00:00:00.000+05:30,ODN,1.28,2.74,1.22,1.91,2058040.0,3.19097E7,49.218749999999986,Up,49.218749999999986
3,2018-01-27T00:00:00.000+05:30,OF,0.005216,0.006885,0.004747,0.006758,1.54147E7,NaN,29.56288343558282,Up,29.56288343558282
996,2017-09-05T00:00:00.000+05:30,OK,0.165758,0.34976,0.162751,0.333703,2.29318E7,1.20139E7,101.31939333244856,Up,101.31939333244856
1247,2017-05-30T00:00:00.000+05:30,OMNI,18.45,41.81,17.88,39.9,5501540.0,1.03121E7,116.26016260162602,Up,116.26016260162602
150,2018-01-09T00:00:00.000+05:30,ONION,11.31,18.88,11.29,18.75,3693840.0,5.36738E7,65.78249336870026,Up,65.78249336870026
1,2018-01-10T00:00:00.000+05:30,OPC,0.028917,0.134228,0.028917,0.081141,1494280.0,NaN,180.59964726631395,Up,180.59964726631395
156,2017-12-23T00:00:00.000+05:30,PART,10.21,20.94,10.21,16.4,8681800.0,7.98026E7,60.62683643486775,Up,60.62683643486775
341,2017-11-13T00:00:00.000+05:30,PASC,0.335282,0.760175,0.335282,0.66474,3056150.0,5050990.0,98.2629547664354,Up,98.2629547664354
300,2018-05-15T00:00:00.000+05:30,PCN,2.47E-4,5.07E-4,2.17E-4,5.06E-4,1884960.0,3187730.0,104.85829959514173,Up,104.85829959514173
36,2017-12-16T00:00:00.000+05:30,PHR,0.962123,2.4,0.943991,2.13,1911040.0,9420160.0,121.38541537828323,Up,121.38541537828323
1304,2018-01-21T00:00:00.000+05:30,PIGGY,0.004603,0.010942,0.004017,0.004488,1007020.0,2250280.0,-2.498370627851412,Down,2.498370627851412
1203,2017-08-28T00:00:00.000+05:30,PINK,0.013405,0.022212,0.012921,0.020476,1828200.0,4671510.0,52.74897426333458,Up,52.74897426333458
79,2018-01-14T00:00:00.000+05:30,PIRL,2.91,4.56,2.91,4.51,1114310.0,2.27126E7,54.98281786941579,Up,54.98281786941579
467,2017-05-25T00:00:00.000+05:30,PIVX,0.868912,1.6,0.703638,1.36,3209160.0,4.64726E7,56.51757600309353,Up,56.51757600309353
666,2017-06-05T00:00:00.000+05:30,PKB,0.215349,2.18,0.160839,0.921673,6390590.0,1025930.0,327.99037840900115,Up,327.99037840900115
24,2018-05-28T00:00:00.000+05:30,PLAN,0.278749,0.286181,0.230056,0.233731,1095420.0,NaN,-16.15001309421739,Down,16.15001309421739
1408,2018-01-05T00:00:00.000+05:30,PND,2.27E-4,0.002344,1.88E-4,0.001137,4150740.0,7389040.0,400.88105726872254,Up,400.88105726872254
38,2018-04-07T00:00:00.000+05:30,POA,0.277709,0.473288,0.277638,0.451339,6.36375E7,5.66246E7,62.522280516655925,Up,62.522280516655925
364,2018-01-02T00:00:00.000+05:30,POSW,0.619687,0.852486,0.614482,0.838122,1057440.0,2.73282E7,35.24924679717342,Up,35.24924679717342
967,2016-10-10T00:00:00.000+05:30,POT,0.01498,0.042504,0.014817,0.029093,6041280.0,3211650.0,94.21228304405874,Up,94.21228304405874
801,2015-07-09T00:00:00.000+05:30,PPC,0.602246,0.967075,0.578273,0.90744,2171480.0,1.35322E7,50.6759696203877,Up,50.6759696203877
56,2017-08-08T00:00:00.000+05:30,PPY,10.04,12.78,9.81,12.06,1376100.0,3.73947E7,20.119521912350613,Up,20.119521912350613
139,2018-01-10T00:00:00.000+05:30,PRN,1.45E-4,5.77E-4,1.38E-4,4.47E-4,1373550.0,NaN,208.27586206896552,Up,208.27586206896552
257,2018-01-09T00:00:00.000+05:30,PROC,0.083506,0.14918,0.064262,0.138199,1570140.0,8052610.0,65.4958925107178,Up,65.4958925107178
1290,2017-09-06T00:00:00.000+05:30,PTC,0.033543,0.065843,0.033543,0.056099,3676020.0,4377800.0,67.24502876904272,Up,67.24502876904272
869,2017-08-14T00:00:00.000+05:30,PURA,0.159341,0.334593,0.154433,0.268851,1927980.0,NaN,68.72681858404303,Up,68.72681858404303
1392,2017-06-19T00:00:00.000+05:30,QRK,0.051319,0.094811,0.049089,0.092549,2643780.0,1.28349E7,80.34061458718995,Up,80.34061458718995
208,2017-12-18T00:00:00.000+05:30,QTUM,29.66,56.06,27.84,51.85,2.42787E9,2.18733E9,74.81456507080243,Up,74.81456507080243
433,2017-03-26T00:00:00.000+05:30,RADS,0.830857,1.95,0.830857,1.46,2489350.0,2638350.0,75.72217601825585,Up,75.72217601825585
1157,2018-01-08T00:00:00.000+05:30,RBT,0.010397,0.026404,0.007843,0.022422,1014400.0,1200840.0,115.65836298932386,Up,115.65836298932386
1114,2017-04-07T00:00:00.000+05:30,RBY,0.25408,1.1,0.251862,0.806671,1434700.0,6146890.0,217.48701196473553,Up,217.48701196473553
570,2018-01-10T00:00:00.000+05:30,RC,0.380446,7.36,0.380446,5.26,2188910.0,3187330.0,1282.587804839583,Up,1282.587804839583
1195,2017-05-21T00:00:00.000+05:30,RDD,2.66E-4,0.001054,2.46E-4,9.74E-4,5822700.0,7573490.0,266.16541353383457,Up,266.16541353383457
10,2017-10-11T00:00:00.000+05:30,REC,20.37,37.78,20.26,35.42,1.07876E7,NaN,73.8831615120275,Up,73.8831615120275
672,2018-05-15T00:00:00.000+05:30,REE,1.58E-4,6.75E-4,9.6E-5,5.2E-4,1327090.0,404839.0,229.11392405063287,Up,229.11392405063287
1368,2017-11-26T00:00:00.000+05:30,RIC,0.080643,0.198567,0.080443,0.160338,3130290.0,3164430.0,98.82444849521967,Up,98.82444849521967
427,2017-08-31T00:00:00.000+05:30,RISE,0.205976,0.778666,0.205976,0.489531,5.3368E7,2.3304E7,137.6640967879753,Up,137.6640967879753
78,2017-09-27T00:00:00.000+05:30,RUP,0.076795,0.315321,0.075815,0.190747,1239100.0,1687640.0,148.38466045966533,Up,148.38466045966533
17,2018-03-27T00:00:00.000+05:30,RVN,0.039606,0.072924,0.036271,0.069774,1238850.0,2.80066E7,76.17027723072262,Up,76.17027723072262
414,2017-05-23T00:00:00.000+05:30,RVR,0.031266,0.07713,0.029944,0.075013,1257730.0,984866.0,139.9187615940638,Up,139.9187615940638
20,2017-12-30T00:00:00.000+05:30,SAGA,4.53,9.53,4.22,9.53,1029120.0,1005010.0,110.37527593818982,Up,110.37527593818982
312,2016-01-27T00:00:00.000+05:30,SAK,0.135963,0.197304,0.128655,0.182398,1162840.0,NaN,34.15267388921986,Up,34.15267388921986
93,2018-03-11T00:00:00.000+05:30,SBC,0.003773,0.01532,0.003331,0.010341,1583810.0,NaN,174.07898224224755,Up,174.07898224224755
514,2017-12-14T00:00:00.000+05:30,SBD,5.38,10.49,5.16,10.4,3052290.0,2.01564E7,93.30855018587361,Up,93.30855018587361
132,2018-04-26T00:00:00.000+05:30,SBTC,13.29,34.18,12.91,32.68,1.71108E7,NaN,145.89917231000754,Up,145.89917231000754
862,2018-01-05T00:00:00.000+05:30,SC,0.039789,0.075377,0.039789,0.070152,2.27731E8,1.24923E9,76.31003543692982,Up,76.31003543692982
765,2016-09-03T00:00:00.000+05:30,SDC,0.85272,2.12,0.85272,1.34,3655240.0,5604520.0,57.144197391875416,Up,57.144197391875416
36,2018-01-11T00:00:00.000+05:30,SEND,0.574093,1.16,0.441505,0.794334,1327160.0,1.80999E7,38.36329653906249,Up,38.36329653906249
472,2018-01-09T00:00:00.000+05:30,SEQ,0.608418,1.36,0.608418,0.955194,9625510.0,2.75553E7,56.99634133112432,Up,56.99634133112432
846,2017-12-29T00:00:00.000+05:30,SHIFT,6.27,12.85,6.14,10.25,2.49385E7,7.24695E7,63.476874003189806,Up,63.476874003189806
388,2018-01-05T00:00:00.000+05:30,SHND,1.0E-6,3.0E-6,1.0E-6,3.0E-6,2143160.0,NaN,200.00000000000006,Up,200.00000000000006
711,2017-09-05T00:00:00.000+05:30,SIB,1.2,1.97,1.09,1.77,2130630.0,1.83698E7,47.50000000000001,Up,47.50000000000001
21,2017-11-07T00:00:00.000+05:30,SIC,0.004802,0.012732,0.004802,0.011564,1486820.0,NaN,140.81632653061226,Up,140.81632653061226
3,2017-08-30T00:00:00.000+05:30,SIGMA,0.106649,0.106649,0.08052,0.091443,1333930.0,NaN,-14.257986479010585,Down,14.257986479010585
13,2017-08-06T00:00:00.000+05:30,SIGT,0.063964,0.097733,0.060731,0.094908,1208920.0,4164000.0,48.37721218185232,Up,48.37721218185232
253,2017-12-26T00:00:00.000+05:30,SKY,25.4,38.65,22.39,38.63,1199190.0,1.65691E8,52.08661417322836,Up,52.08661417322836
1379,2018-01-06T00:00:00.000+05:30,SLR,0.780942,1.34,0.747013,1.29,3818820.0,3.00373E7,65.18512258272702,Up,65.18512258272702
699,2017-12-24T00:00:00.000+05:30,SLS,41.62,176.43,41.62,121.83,5.75973E7,4.20263E7,192.71984622777515,Up,192.71984622777515
175,2018-01-12T00:00:00.000+05:30,SMART,0.703201,1.71,0.605199,1.64,2524040.0,4.03619E8,133.21923603635375,Up,133.21923603635375
721,2017-06-05T00:00:00.000+05:30,SNRG,0.279081,2.21,0.279081,1.49,1201040.0,776304.0,433.8951773857769,Up,433.8951773857769
926,2017-12-06T00:00:00.000+05:30,SPHR,5.39,11.52,4.83,10.08,1.21964E7,1.66065E7,87.01298701298703,Up,87.01298701298703
1150,2017-12-26T00:00:00.000+05:30,SPR,0.605999,1.49,0.605999,1.27,1.0424E7,5642950.0,109.57130292294212,Up,109.57130292294212
793,2018-01-06T00:00:00.000+05:30,SPRTS,8.0E-6,3.6E-5,8.0E-6,2.9E-5,3475600.0,1.38829E7,262.50000000000006,Up,262.50000000000006
1257,2017-06-20T00:00:00.000+05:30,SRC,0.217162,0.401685,0.217162,0.366139,1324530.0,1699640.0,68.60178115876627,Up,68.60178115876627
6,2018-01-07T00:00:00.000+05:30,STAK,9.46,40.81,7.76,40.74,1429050.0,7394900.0,330.6553911205074,Up,330.6553911205074
1193,2017-09-20T00:00:00.000+05:30,START,0.036028,0.128012,0.035557,0.067981,1.13842E7,1624130.0,88.68935272565783,Up,88.68935272565783
385,2017-05-08T00:00:00.000+05:30,STEEM,0.523659,1.11,0.48231,1.03,1.8945E7,1.22981E8,96.69288601933702,Up,96.69288601933702
0,2018-01-11T00:00:00.000+05:30,STN,0.693622,3.06,0.693622,2.32,1715520.0,NaN,234.47612676645204,Up,234.47612676645204
291,2017-05-30T00:00:00.000+05:30,STRAT,3.8,5.99,3.76,5.87,2.94873E7,3.74312E8,54.47368421052633,Up,54.47368421052633
212,2017-12-28T00:00:00.000+05:30,SUMO,3.85,7.18,3.56,7.18,1625940.0,1.04485E7,86.49350649350647,Up,86.49350649350647
955,2017-11-17T00:00:00.000+05:30,SUPER,0.139335,0.251396,0.092276,0.19047,1092720.0,6343020.0,36.69932177844764,Up,36.69932177844764
368,2017-07-14T00:00:00.000+05:30,SYNX,0.104566,0.856407,0.099117,0.399665,1.49999E7,1178330.0,282.2131476770652,Up,282.2131476770652
1193,2017-11-25T00:00:00.000+05:30,SYS,0.215979,0.363071,0.2139,0.361207,2.50024E7,1.14274E8,67.24172257487996,Up,67.24172257487996
1323,2017-06-20T00:00:00.000+05:30,TAG,0.332188,0.470648,0.327992,0.446698,1139310.0,1836180.0,34.47144388117572,Up,34.47144388117572
22,2017-09-06T00:00:00.000+05:30,TCC,0.138851,0.216374,0.083726,0.207973,1182770.0,2.29001E7,49.78142037147733,Up,49.78142037147733
1138,2017-09-13T00:00:00.000+05:30,THC,0.009175,0.02815,0.00846,0.021481,6383760.0,2055620.0,134.12534059945503,Up,134.12534059945503
363,2017-11-03T00:00:00.000+05:30,THS,0.508476,4.05,0.493278,0.874112,1109530.0,NaN,71.90821199033974,Up,71.90821199033974
1562,2018-04-12T00:00:00.000+05:30,TIPS,1.7E-5,2.3E-5,1.6E-5,2.1E-5,1012490.0,3641600.0,23.529411764705877,Up,23.529411764705877
15,2018-04-20T00:00:00.000+05:30,TPAY,4.91,9.48,4.88,8.96,3218010.0,7.5047E7,82.48472505091651,Up,82.48472505091651
1225,2017-11-25T00:00:00.000+05:30,TRUST,0.099423,0.235404,0.098339,0.196945,3285310.0,3190140.0,98.08796757289562,Up,98.08796757289562
1135,2018-01-07T00:00:00.000+05:30,TTC,0.001221,0.004747,0.001051,0.004535,1273000.0,1538670.0,271.4168714168714,Up,271.4168714168714
2,2018-05-05T00:00:00.000+05:30,TTT,0.135137,0.161629,0.135137,0.161235,1.04827E7,NaN,19.312253490901814,Up,19.312253490901814
803,2017-11-01T00:00:00.000+05:30,TX,1.62,3.18,1.53,2.96,4388240.0,1.00316E7,82.71604938271604,Up,82.71604938271604
988,2017-06-02T00:00:00.000+05:30,UBQ,0.978207,1.71,0.978207,1.67,1634670.0,3.62846E7,70.72051212064521,Up,70.72051212064521
35,2018-01-22T00:00:00.000+05:30,UBTC,111.77,113.47,71.56,74.0,1635610.0,NaN,-33.79260982374519,Down,33.79260982374519
247,2018-05-02T00:00:00.000+05:30,ULA,0.025433,0.12355,0.0253,0.029408,1656120.0,5422.0,15.629300515078832,Up,15.629300515078832
1185,2017-12-18T00:00:00.000+05:30,UNB,0.970944,2.73,0.954972,2.45,3.19701E7,2211960.0,152.33175136774108,Up,152.33175136774108
939,2017-12-10T00:00:00.000+05:30,UNIT,0.178337,0.863974,0.139456,0.47761,1862650.0,2164080.0,167.8131851494642,Up,167.8131851494642
1399,2017-10-20T00:00:00.000+05:30,UNO,105.66,137.81,73.92,79.74,4303960.0,2.09028E7,-24.531516183986373,Down,24.531516183986373
28,2014-07-10T00:00:00.000+05:30,URO,4.87,23.79,3.94,5.69,2013030.0,1566310.0,16.83778234086243,Up,16.83778234086243
1292,2018-04-08T00:00:00.000+05:30,USNBT,0.308098,0.84477,0.308098,0.782601,1.23367E8,3101140.0,154.01041227142014,Up,154.01041227142014
1139,2017-08-30T00:00:00.000+05:30,VIA,1.3,1.94,1.26,1.8,4256660.0,2.95332E7,38.46153846153846,Up,38.46153846153846
361,2018-01-15T00:00:00.000+05:30,VIDZ,0.064486,0.323609,0.043587,0.067941,4223260.0,8078750.0,5.35775207021679,Up,5.35775207021679
3,2018-05-04T00:00:00.000+05:30,VIPS,7.8E-4,0.001266,7.65E-4,9.7E-4,4300990.0,NaN,24.35897435897437,Up,24.35897435897437
383,2018-01-08T00:00:00.000+05:30,VLTC,0.002973,0.01566,0.002902,0.014739,1225370.0,90341.0,395.76185671039354,Up,395.76185671039354
22,2014-06-07T00:00:00.000+05:30,VRC,0.053356,0.12131,0.052933,0.109663,1947380.0,1427870.0,105.53077442087113,Up,105.53077442087113
319,2017-08-02T00:00:00.000+05:30,VRM,1.33,3.47,1.3,3.3,1082100.0,1604000.0,148.12030075187968,Up,148.12030075187968
15,2014-02-04T00:00:00.000+05:30,VTC,1.61,4.54,1.44,4.54,1000060.0,2329270.0,181.98757763975152,Up,181.98757763975152
989,2018-01-13T00:00:00.000+05:30,VTR,0.984398,1.55,0.984398,1.32,2073330.0,1.06472E7,34.092105022562016,Up,34.092105022562016
26,2018-03-15T00:00:00.000+05:30,W3C,4.3E-4,0.002284,4.0E-4,0.002096,8317700.0,NaN,387.44186046511635,Up,387.44186046511635
20,2018-04-12T00:00:00.000+05:30,WAN,4.36,6.25,4.34,6.04,4.12407E7,4.6258E8,38.53211009174311,Up,38.53211009174311
18,2016-06-20T00:00:00.000+05:30,WAVES,0.604243,0.604243,0.22705,0.289737,1771960.0,NaN,-52.0495893208527,Down,52.0495893208527
25,2017-12-15T00:00:00.000+05:30,WC,0.88594,1.41,0.88594,1.37,1183770.0,NaN,54.63801160349462,Up,54.63801160349462
1446,2017-05-22T00:00:00.000+05:30,WDC,0.029242,0.111445,0.027569,0.08178,2415920.0,3347050.0,179.6662334997606,Up,179.6662334997606
91,2018-04-10T00:00:00.000+05:30,WICC,0.606229,0.844374,0.606229,0.844374,1.35392E7,NaN,39.28301021561158,Up,39.28301021561158
79,2017-06-19T00:00:00.000+05:30,XAS,0.386486,1.16,0.386486,1.12,3.10792E7,2.89864E7,189.7905745615624,Up,189.7905745615624
1019,2017-03-27T00:00:00.000+05:30,XBC,3.89,131.8,3.87,81.36,1.06979E7,367856.0,1991.516709511568,Up,1991.516709511568
257,2018-01-02T00:00:00.000+05:30,XBY,0.299162,0.631223,0.299162,0.631223,6817100.0,1.28639E8,110.99705176459578,Up,110.99705176459578
1052,2017-06-19T00:00:00.000+05:30,XCN,0.027465,0.081624,0.027465,0.081624,2.50157E7,9143620.0,197.19279082468597,Up,197.19279082468597
1217,2017-06-18T00:00:00.000+05:30,XCP,13.71,23.6,13.44,21.96,1958010.0,3.59123E7,60.17505470459519,Up,60.17505470459519
1075,2017-06-03T00:00:00.000+05:30,XDN,0.001838,0.005253,0.001732,0.005019,7013040.0,1.26483E7,173.06855277475515,Up,173.06855277475515
170,2017-12-11T00:00:00.000+05:30,XEL,0.236633,0.550462,0.236509,0.375934,2.22151E7,2.07601E7,58.867951638190775,Up,58.867951638190775
982,2017-12-08T00:00:00.000+05:30,XEM,0.235038,0.656789,0.219179,0.639449,2.67451E8,2.11534E9,172.061964448302,Up,172.061964448302
87,2018-01-13T00:00:00.000+05:30,XGOX,0.009952,0.026103,0.009563,0.016713,1121170.0,1.06983E7,67.9360932475884,Up,67.9360932475884
108,2016-08-20T00:00:00.000+05:30,XHI,0.046373,0.046881,0.014677,0.022513,1126460.0,2573320.0,-51.45235374032303,Down,51.45235374032303
1,2018-04-24T00:00:00.000+05:30,XHV,4.05,7.29,3.88,6.47,1528290.0,NaN,59.75308641975309,Up,59.75308641975309
35,2017-11-06T00:00:00.000+05:30,XIN,0.045727,0.070464,0.04492,0.062659,1331650.0,NaN,37.02845146193717,Up,37.02845146193717
1006,2017-05-07T00:00:00.000+05:30,XLM,0.021414,0.062327,0.018637,0.043984,2.80845E8,1.99521E8,105.3983375361913,Up,105.3983375361913
276,2018-01-02T00:00:00.000+05:30,XLR,11.64,36.36,11.64,29.71,1399960.0,1.01977E7,155.2405498281787,Up,155.2405498281787
4,2018-04-24T00:00:00.000+05:30,XMC,6.96,13.32,5.79,11.66,1960920.0,NaN,67.52873563218391,Up,67.52873563218391
1056,2017-08-15T00:00:00.000+05:30,XMG,0.151136,0.451663,0.151136,0.451663,3916770.0,1095120.0,198.8454107558755,Up,198.8454107558755
6,2018-04-26T00:00:00.000+05:30,XMO,12.14,24.36,11.05,20.75,6544900.0,NaN,70.92257001647445,Up,70.92257001647445
829,2016-08-28T00:00:00.000+05:30,XMR,5.3,9.51,5.09,9.51,4.93258E7,6.76111E7,79.43396226415095,Up,79.43396226415095
1135,2017-04-16T00:00:00.000+05:30,XMY,4.87E-4,0.001754,4.73E-4,0.001218,3129200.0,717774.0,150.10266940451743,Up,150.10266940451743
377,2017-12-16T00:00:00.000+05:30,XP,1.99E-4,5.31E-4,1.99E-4,4.8E-4,5999620.0,3.75391E7,141.20603015075378,Up,141.20603015075378
1105,2017-12-04T00:00:00.000+05:30,XPD,0.005024,0.18605,0.003324,0.099162,2729340.0,321494.0,1873.765923566879,Up,1873.765923566879
1752,2018-04-28T00:00:00.000+05:30,XPM,1.37,2.81,1.23,2.54,9930830.0,3.20352E7,85.40145985401459,Up,85.40145985401459
6,2014-12-22T00:00:00.000+05:30,XPY,9.67,15.92,8.47,14.46,1249460.0,1.18914E8,49.53464322647364,Up,49.53464322647364
1337,2017-04-02T00:00:00.000+05:30,XRP,0.021938,0.071441,0.021696,0.061159,2.30622E8,8.20232E8,178.78111040204212,Up,178.78111040204212
153,2018-01-04T00:00:00.000+05:30,XRY,8.08E-4,0.002529,4.75E-4,0.002143,1612130.0,NaN,165.2227722772277,Up,165.2227722772277
50,2017-12-23T00:00:00.000+05:30,XSH,0.061003,0.116484,0.059284,0.0946,1310280.0,2.89143E7,55.0743406061997,Up,55.0743406061997
351,2017-12-31T00:00:00.000+05:30,XSPEC,2.56,4.19,2.48,4.03,1478210.0,5.32371E7,57.421875000000014,Up,57.421875000000014
321,2018-01-19T00:00:00.000+05:30,XSTC,0.011728,0.028689,0.011057,0.027576,2025940.0,NaN,135.12960436562074,Up,135.12960436562074
76,2017-12-17T00:00:00.000+05:30,XTZ,5.99,12.19,5.84,10.56,3035850.0,NaN,76.29382303839733,Up,76.29382303839733
963,2017-10-24T00:00:00.000+05:30,XVC,0.266543,0.738137,0.249378,0.550097,3467900.0,4065970.0,106.38208469177582,Up,106.38208469177582
939,2017-05-21T00:00:00.000+05:30,XVG,3.68E-4,9.74E-4,3.26E-4,9.74E-4,2587680.0,4936910.0,164.67391304347825,Up,164.67391304347825
98,2017-06-20T00:00:00.000+05:30,XVP,0.038318,0.04996,0.035889,0.049958,1.60547E7,340765.0,30.377368338639815,Up,30.377368338639815
1247,2017-09-20T00:00:00.000+05:30,XWC,0.017259,0.043467,0.016634,0.029824,7074460.0,4286030.0,72.80259574714641,Up,72.80259574714641
445,2017-12-25T00:00:00.000+05:30,XZC,85.79,133.13,84.95,126.13,4.48715E7,3.19901E8,47.0217974122858,Up,47.0217974122858
23,2017-03-03T00:00:00.000+05:30,ZBC,2.8,6.35,2.75,6.35,1649080.0,NaN,126.78571428571428,Up,126.78571428571428
412,2017-12-27T00:00:00.000+05:30,ZCL,14.38,42.97,12.89,42.66,4.79949E7,2.60159E7,196.6620305980528,Up,196.6620305980528
2,2016-10-31T00:00:00.000+05:30,ZEC,570.91,2217.64,472.73,1624.58,4333820.0,593240.0,184.5597379622007,Up,184.5597379622007
140,2017-10-19T00:00:00.000+05:30,ZEN,7.91,28.04,7.71,22.98,4.06936E7,1.8168E7,190.51833122629583,Up,190.51833122629583
284,2017-12-29T00:00:00.000+05:30,ZER,2.18,7.29,1.94,3.98,1712340.0,4335910.0,82.56880733944952,Up,82.56880733944952
1459,2017-09-12T00:00:00.000+05:30,ZET,0.003073,0.010072,0.00272,0.009921,1404280.0,512050.0,222.84412626098268,Up,222.84412626098268
871,2017-12-05T00:00:00.000+05:30,ZNY,0.05793,0.227651,0.049156,0.209225,2051440.0,4380320.0,261.1686518211634,Up,261.1686518211634
412,2017-12-28T00:00:00.000+05:30,ZOI,0.712297,1.37,0.651735,1.22,1012930.0,1.13102E7,71.27686905883361,Up,71.27686905883361
