YearMonth,Symbol,Total_Trading_Volume
2017-12,$PAC,2356900.0
2018-1,$PAC,1.2132584E8
2018-3,$PAC,1628290.0
2017-8,2GIVE,1294260.0
2017-11,2GIVE,1279830.0
2017-12,2GIVE,6825900.0
2018-1,2GIVE,3540370.0
2017-6,ABY,1471060.0
2017-8,ABY,9193320.0
2017-9,ABY,4290910.0
2017-12,ABY,1.317595E7
2018-1,ABY,2.050347E7
2017-8,ACT,3.048421E7
2017-9,ACT,3.449646E7
2017-12,ACT,5.181027E7
2018-1,ACT,7.5090768E8
2018-2,ACT,2.6365029E8
2018-3,ACT,1.7553877E8
2018-4,ACT,7.6100961E8
2018-5,ACT,1.0450749E9
2018-6,ACT,4.05862E7
2017-10,ADA,3.0408735E8
2017-11,ADA,8.3298552E8
2017-12,ADA,5.3021342E9
2018-1,ADA,1.7091618E10
2018-2,ADA,1.279213E10
2018-3,ADA,4.7038298E9
2018-4,ADA,7.3208765E9
2018-5,ADA,4.809903E9
2018-6,ADA,2.46973E8
2018-1,ADC,4073310.0
2017-8,ADK,2.490059E7
2017-9,ADK,4732470.0
2017-10,ADK,4294770.0
2017-11,ADK,1305050.0
2018-1,ADK,5.864671E7
2018-2,ADK,7.408126E7
2018-5,ADK,2132970.0
2017-9,AEON,4083220.0
2017-10,AEON,1.770277E7
2017-11,AEON,2807520.0
2017-12,AEON,1.034953E7
2018-1,AEON,1.917868E7
2017-10,AKY,1527160.0
2017-6,ANC,2072640.0
2016-10,ARDR,1316410.0
2017-4,ARDR,2280500.0
2017-5,ARDR,5.462703E7
2017-6,ARDR,1.8089819E8
2017-7,ARDR,7.17435E7
2017-8,ARDR,5.910055E7
2017-9,ARDR,4.725086E7
2017-10,ARDR,4.225157E7
2017-11,ARDR,5.328079E7
2017-12,ARDR,6.6988386E8
2018-1,ARDR,1.20881037E9
2018-2,ARDR,4.2274974E8
2018-3,ARDR,1.1454888E8
2018-4,ARDR,2.4355726E8
2018-5,ARDR,9.389231E7
2018-6,ARDR,5395670.0
2017-4,ARK,7212950.0
2017-6,ARK,2.125596E7
2017-7,ARK,1066380.0
2017-8,ARK,1.2949003E8
2017-9,ARK,1.8180662E8
2017-10,ARK,6.53521E7
2017-11,ARK,1.7585523E8
2017-12,ARK,4.7648504E8
2018-1,ARK,5.2909781E8
2018-2,ARK,1.0914341E8
2018-3,ARK,7.015439E7
2018-4,ARK,1.1682415E8
2018-5,ARK,9.170127E7
2018-6,ARK,3343170.0
2018-5,ASN,1272450.0
2017-9,ATB,1229130.0
2017-10,ATB,1.107451E7
2017-11,ATB,3.554632E7
2017-12,ATB,1.0734546E8
2018-1,ATB,1.4927242E8
2018-2,ATB,9.186965E7
2018-3,ATB,7.494451E7
2018-4,ATB,8.440565E7
2018-5,ATB,1172830.0
2017-11,ATMC,4.584272E7
2017-12,ATMC,1.35490346E9
2018-1,ATMC,3.6522066E9
2018-2,ATMC,2.7758648E9
2018-3,ATMC,1.9502667E9
2018-4,ATMC,9.7112049E8
2018-5,ATMC,5.0701829E8
2018-6,ATMC,7.4512E7
2014-3,AUR,8928580.0
2017-12,AUR,1.485842E7
2018-1,AUR,4548370.0
2018-4,AUR,1140510.0
2017-10,B2X,1.324969E7
2017-11,B2X,1.079959E7
2017-12,B2X,5.257807E7
2018-1,B2X,3.128572E7
2017-6,BASH,5.563802E7
2017-6,BAY,2454640.0
2017-8,BAY,1237120.0
2017-9,BAY,1403280.0
2017-11,BAY,7.546799E7
2017-12,BAY,4.2276409E8
2018-1,BAY,3.8099814E8
2018-2,BAY,2.477337E7
2018-3,BAY,2.848108E7
2018-4,BAY,6.647244E7
2018-5,BAY,9384220.0
2017-2,BBR,1930220.0
2017-6,BBR,1118170.0
2018-1,BCA,5158250.0
2017-4,BCC,4077380.0
2017-5,BCC,8407910.0
2017-6,BCC,6.564314E7
2017-7,BCC,9.432758E7
2017-8,BCC,1.9369202E8
2017-9,BCC,2.4977158E8
2017-10,BCC,3.8604895E8
2017-11,BCC,7.025922E8
2017-12,BCC,8.960534E8
2018-1,BCC,4.6617141E8
2018-2,BCC,5672460.0
2017-11,BCD,1.61532E8
2017-12,BCD,3.2257147E8
2018-1,BCD,1.90526239E9
2018-2,BCD,2.4803582E8
2018-3,BCD,2.4750427E8
2018-4,BCD,3.0344524E8
2018-5,BCD,1.3767276E8
2018-6,BCD,4391910.0
2017-7,BCH,4090760.0
2017-8,BCH,1.71207428E10
2017-9,BCH,1.1313133E10
2017-10,BCH,1.0862083E10
2017-11,BCH,6.5023965E10
2017-12,BCH,6.4494638E10
2018-1,BCH,4.2244036E10
2018-2,BCH,1.9146146E10
2018-3,BCH,1.2342156E10
2018-4,BCH,1.990736E10
2018-5,BCH,2.9661601E10
2018-6,BCH,1.227649E9
2017-3,BCN,6708550.0
2017-5,BCN,1.9068467E8
2017-6,BCN,1.1020521E8
2017-7,BCN,3.247444E7
2017-8,BCN,7.8524E7
2017-9,BCN,7.301244E7
2017-10,BCN,5.901952E7
2017-11,BCN,9.26637E7
2017-12,BCN,3.1942694E8
2018-1,BCN,4.5575961E8
2018-2,BCN,1.119584E8
2018-3,BCN,1.0905208E8
2018-4,BCN,1.3426766E8
2018-5,BCN,1.60875739E9
2018-6,BCN,3.69462E7
2018-1,BCO,1282750.0
2017-12,BCX,1.1510492E8
2018-1,BCX,2.5937473E8
2018-2,BCX,3.553079E7
2018-3,BCX,8562660.0
2018-4,BCX,3.631323E7
2018-5,BCX,2.322643E7
2018-6,BCX,2321160.0
2017-9,BDL,2182160.0
2017-12,BDL,2186620.0
2018-1,BIS,1110680.0
2017-5,BITB,1523350.0
2017-6,BITB,7887790.0
2017-8,BITB,1184040.0
2017-10,BITB,1374480.0
2017-11,BITB,4991730.0
2017-12,BITB,7.425366E7
2018-1,BITB,5.887967E7
2018-2,BITB,1.8764795E8
2018-3,BITB,9.494252E7
2018-4,BITB,3.403499E7
2018-5,BITB,2.115621E7
2017-3,BITS,2215930.0
2018-5,BLAZR,1109100.0
2017-6,BLITZ,1777110.0
2017-8,BLITZ,1.00028E7
2017-12,BLITZ,1.623761E7
2018-1,BLITZ,5157000.0
2018-5,BLITZ,1796350.0
2014-3,BLK,1077190.0
2014-4,BLK,2.624855E7
2014-5,BLK,6306000.0
2014-6,BLK,4031540.0
2016-7,BLK,1031420.0
2016-9,BLK,1433510.0
2017-4,BLK,1668890.0
2017-5,BLK,2.222841E7
2017-6,BLK,1.0816537E8
2017-7,BLK,4.386082E7
2017-8,BLK,2.694813E7
2017-9,BLK,6.789127E7
2017-10,BLK,1006870.0
2017-11,BLK,1.321409E7
2017-12,BLK,1.2176602E8
2018-1,BLK,1.5160197E8
2018-2,BLK,1390080.0
2018-3,BLK,2.866199E7
2018-4,BLK,4418100.0
2017-8,BLOCK,6529600.0
2017-9,BLOCK,1390900.0
2017-11,BLOCK,2638700.0
2017-12,BLOCK,9511040.0
2018-1,BLOCK,1.492106E7
2018-2,BLOCK,4817220.0
2018-3,BLOCK,1.131508E7
2018-4,BLOCK,5672070.0
2018-2,BOS,1.855396E7
2018-3,BOS,1085020.0
2018-4,BOS,2791340.0
2017-6,BOST,1481330.0
2017-8,BRK,1105320.0
2017-10,BRK,2412950.0
2017-12,BRK,1.011435E7
2018-1,BRK,1.814562E7
2017-6,BRX,2679490.0
2017-8,BRX,1366360.0
2017-10,BRX,1006530.0
2017-11,BRX,1600370.0
2017-12,BRX,1725520.0
2018-1,BRX,3858560.0
2017-7,BSD,2385070.0
2017-8,BSD,2465580.0
2017-9,BSD,2757210.0
2017-11,BSD,1511510.0
2017-12,BSD,1.967119E7
2018-1,BSD,8.680577E7
2018-2,BSD,4724730.0
2018-3,BSD,4248880.0
2018-4,BSD,2.77625E7
2017-10,BSR,1501800.0
2018-4,BSR,1.19368E7
2017-11,BT2,3.208592E7
2017-12,BT2,2.723179E7
2018-1,BT2,1055440.0
2017-8,BTA,2447510.0
2017-11,BTBc,1.12498E7
2013-12,BTC,1.399848E8
2014-1,BTC,1.1533865E9
2014-2,BTC,1.2696863E9
2014-3,BTC,7.6397933E8
2014-4,BTC,7.8930423E8
2014-5,BTC,5.032991E8
2014-6,BTC,7.2187315E8
2014-7,BTC,4.5072575E8
2014-8,BTC,6.9452449E8
2014-9,BTC,6.9657215E8
2014-10,BTC,9.0299445E8
2014-11,BTC,6.5973336E8
2014-12,BTC,5.5310231E8
2015-1,BTC,1.0988119E9
2015-2,BTC,7.115187E8
2015-3,BTC,9.590983E8
2015-4,BTC,6.723387E8
2015-5,BTC,5.681226E8
2015-6,BTC,6.297802E8
2015-7,BTC,9.998922E8
2015-8,BTC,9.051923E8
2015-9,BTC,6.036239E8
2015-10,BTC,9.532795E8
2015-11,BTC,2.1776234E9
2015-12,BTC,2.09625E9
2016-1,BTC,1.9908803E9
2016-2,BTC,1.8762387E9
2016-3,BTC,2.3328528E9
2016-4,BTC,1.8114752E9
2016-5,BTC,2.2344328E9
2016-6,BTC,4.7497028E9
2016-7,BTC,3.4541862E9
2016-8,BTC,2.6862202E9
2016-9,BTC,2.0044014E9
2016-10,BTC,2.1154438E9
2016-11,BTC,2.6357731E9
2016-12,BTC,3.5567638E9
2017-1,BTC,5.1439717E9
2017-2,BTC,4.2827612E9
2017-3,BTC,1.0872456E10
2017-4,BTC,9.757448E9
2017-5,BTC,3.4261857E10
2017-6,BTC,4.4478141E10
2017-7,BTC,3.2619957E10
2017-8,BTC,6.3548017E10
2017-9,BTC,5.5700949E10
2017-10,BTC,5.8009358E10
2017-11,BTC,1.4073501E11
2017-12,BTC,4.103365E11
2018-1,BTC,4.1624786E11
2018-2,BTC,2.2971778E11
2018-3,BTC,1.9375171E11
2018-4,BTC,1.9655001E11
2018-5,BTC,1.9761171E11
2018-6,BTC,9.86076E9
2017-3,BTCD,1.797719E7
2017-5,BTCD,6190810.0
2017-6,BTCD,1.583156E7
2017-7,BTCD,1.046087E7
2017-8,BTCD,2581230.0
2017-9,BTCD,1.290045E7
2017-12,BTCD,1.051122E7
2018-1,BTCD,4736490.0
2018-4,BTCD,4614180.0
2018-3,BTCP,1210660.0
2018-4,BTCP,1.905201E7
2018-5,BTCP,1.476143E7
2017-10,BTG,1.093372E8
2017-11,BTG,2.88217035E9
2017-12,BTG,6.5440841E9
2018-1,BTG,8.5278049E9
2018-2,BTG,1.4884048E9
2018-3,BTG,7.1807108E8
2018-4,BTG,1.01331234E9
2018-5,BTG,7.093321E8
2018-6,BTG,2.67183E7
2017-5,BTM,7434920.0
2017-6,BTM,1907420.0
2017-8,BTM,5494030.0
2017-9,BTM,1059870.0
2017-12,BTM,2572170.0
2014-8,BTS,1.995399E7
2014-9,BTS,7082570.0
2014-11,BTS,1002300.0
2016-2,BTS,1341430.0
2016-3,BTS,1.775664E7
2016-6,BTS,3972150.0
2016-7,BTS,3818410.0
2016-8,BTS,6668490.0
2017-3,BTS,5414610.0
2017-4,BTS,3.531889E7
2017-5,BTS,4.2943613E8
2017-6,BTS,3.7071671E9
2017-7,BTS,1.9069138E9
2017-8,BTS,1.3391533E9
2017-9,BTS,8.7182568E8
2017-10,BTS,1.8006949E8
2017-11,BTS,3.2728626E8
2017-12,BTS,1.6726158E9
2018-1,BTS,2.0389756E9
2018-2,BTS,7.3577216E8
2018-3,BTS,2.9474811E8
2018-4,BTS,7.968528E8
2018-5,BTS,7.3998227E8
2018-6,BTS,3.47958E7
2018-1,BTW,1924840.0
2017-11,BTX,1.2068882E8
2017-12,BTX,9.289127E7
2018-1,BTX,8.56592E7
2018-2,BTX,4.354626E7
2018-3,BTX,5.994417E7
2018-4,BTX,1.17891E7
2018-5,BTX,1323100.0
2016-9,BURST,3907710.0
2017-5,BURST,8.163454E7
2017-6,BURST,9.445701E7
2017-7,BURST,4506590.0
2017-8,BURST,5960430.0
2017-9,BURST,2.867325E7
2017-12,BURST,2.4811939E8
2018-1,BURST,2.7841884E8
2018-2,BURST,3.56989E7
2018-3,BURST,1.722732E7
2018-4,BURST,1.663646E7
2018-5,BURST,1.502369E7
2018-6,BURST,1356350.0
2018-1,BUZZ,1067590.0
2018-1,BWK,3670810.0
2017-11,BYC,1937700.0
2017-12,BYC,7660380.0
2018-1,BYC,8514410.0
2017-3,C2,2657860.0
2018-1,CALC,1598510.0
2017-6,CANN,2.104576E7
2017-8,CANN,1.126051E7
2017-9,CANN,1909160.0
2017-11,CANN,1103520.0
2017-12,CANN,1.0679319E8
2018-1,CANN,7.001182E7
2018-1,CHAT,1.4396256E8
2018-2,CHAT,2.3871559E8
2018-3,CHAT,1.4924771E8
2018-4,CHAT,1.6401405E8
2018-5,CHAT,1.4100627E8
2018-6,CHAT,3267330.0
2017-7,CHC,3.584209E7
2018-1,CJ,5989870.0
2018-4,CKUSD,2.6230674E9
2018-5,CKUSD,4.6611677E9
2018-6,CKUSD,1.977306E8
2017-3,CLAM,1323970.0
2017-4,CLAM,1881740.0
2017-5,CLAM,4.55926E7
2017-6,CLAM,3.08808E7
2017-7,CLAM,8827410.0
2017-8,CLAM,2.509743E7
2017-9,CLAM,9100570.0
2017-10,CLAM,4.505283E7
2017-11,CLAM,6061020.0
2017-12,CLAM,2.562575E7
2018-1,CLAM,2.098153E7
2014-6,CLOAK,1270520.0
2017-6,CLOAK,1.550998E7
2017-7,CLOAK,1006920.0
2017-9,CLOAK,2.115457E7
2017-12,CLOAK,5.38239E7
2018-1,CLOAK,5.587872E7
2018-2,CLOAK,4124110.0
2018-3,CLOAK,6.281461E7
2018-4,CLOAK,1.2981933E8
2018-5,CLOAK,1.3632354E8
2017-6,CLUB,1000870.0
2017-10,CLUB,2198300.0
2017-11,CLUB,9.009277E7
2017-12,CLUB,6.401576E7
2018-1,CLUB,8090370.0
2018-3,CLUB,1988180.0
2018-2,CME,1018830.0
2017-12,CMPCO,1499980.0
2018-1,CMPCO,4262310.0
2018-3,CNX,3556940.0
2018-4,CNX,4.438885E7
2018-5,CNX,5.230927E7
2018-6,CNX,3003850.0
2017-12,COLX,1.222864E7
2018-1,COLX,6815960.0
2018-5,COLX,1480970.0
2018-1,COUPE,4007540.0
2017-9,CPC,4369660.0
2017-12,CPC,3.396315E7
2018-1,CPC,2.709738E7
2018-3,CPC,1712080.0
2017-12,CRDNC,4074180.0
2018-1,CREA,1007050.0
2017-8,CRW,2792860.0
2017-12,CRW,1316960.0
2018-1,CRW,3430190.0
2018-1,CRX,1628870.0
2014-6,CRYPT,1.050005E7
2017-8,CURE,1098580.0
2017-11,CURE,1.468914E7
2017-12,CURE,1176050.0
2018-1,CURE,3790850.0
2018-1,CYDER,2678980.0
2014-4,DASH,1204200.0
2014-5,DASH,5.649314E7
2014-6,DASH,2.65874E7
2014-7,DASH,1070360.0
2016-1,DASH,2974510.0
2016-8,DASH,3.152994E7
2016-9,DASH,2573150.0
2016-10,DASH,1.441367E7
2016-11,DASH,1.646442E7
2016-12,DASH,4.771178E7
2017-1,DASH,9.238081E7
2017-2,DASH,9.112044E7
2017-3,DASH,1.05931043E9
2017-4,DASH,5.1800904E8
2017-5,DASH,9.216917E8
2017-6,DASH,1.513357E9
2017-7,DASH,1.3913811E9
2017-8,DASH,1.8768181E9
2017-9,DASH,1.5277268E9
2017-10,DASH,1.3054496E9
2017-11,DASH,4.9058237E9
2017-12,DASH,8.446004E9
2018-1,DASH,5.1975581E9
2018-2,DASH,2.7477373E9
2018-3,DASH,3.1802545E9
2018-4,DASH,2.7915369E9
2018-5,DASH,3.3743871E9
2018-6,DASH,1.629683E8
2018-1,DAV,1115390.0
2017-7,DBIX,4104580.0
2017-10,DBIX,2097390.0
2018-1,DBIX,2.538315E7
2017-3,DCR,3.791947E7
2017-4,DCR,3.110793E7
2017-5,DCR,5.075914E7
2017-6,DCR,1.0067546E8
2017-7,DCR,3.740621E7
2017-8,DCR,3.497978E7
2017-9,DCR,3.419876E7
2017-10,DCR,9290350.0
2017-11,DCR,9.297011E7
2017-12,DCR,1.4642502E8
2018-1,DCR,1.2287242E8
2018-2,DCR,3.016915E7
2018-3,DCR,1.128216E7
2018-4,DCR,2.7822221E8
2018-5,DCR,2.7392892E8
2018-6,DCR,5722580.0
2017-7,DCT,3.448768E7
2017-8,DCT,7.890437E7
2017-9,DCT,1.623626E7
2017-11,DCT,8911010.0
2017-12,DCT,1.0991072E8
2018-1,DCT,7.99846E7
2018-2,DCT,9968900.0
2018-3,DCT,1.730446E7
2018-4,DCT,4.33395E7
2018-5,DCT,7.171639E7
2018-6,DCT,1111280.0
2018-5,DEV,5928680.0
2018-1,DFS,2.096846E7
2018-3,DFT,2102660.0
2016-3,DGB,5490250.0
2017-4,DGB,1.350711E7
2017-5,DGB,4.6218379E8
2017-6,DGB,1.35045549E9
2017-7,DGB,2.7288785E8
2017-8,DGB,2.9889632E8
2017-9,DGB,2.4114349E8
2017-10,DGB,1.5303584E8
2017-11,DGB,1.1096682E8
2017-12,DGB,1.51570617E9
2018-1,DGB,1.44124987E9
2018-2,DGB,1.5610153E8
2018-3,DGB,7.4759E7
2018-4,DGB,1.6917358E8
2018-5,DGB,1.6594251E8
2018-6,DGB,4985710.0
2017-7,DGC,9141920.0
2018-1,DIME,1.693413E7
2017-5,DMC,1084260.0
2017-7,DMC,2324490.0
2017-8,DMC,6062830.0
2017-9,DMC,1.180117E7
2017-10,DMC,1.06927E7
2017-6,DMD,5623600.0
2017-12,DMD,2294180.0
2018-1,DMD,1.307427E7
2014-1,DOGE,6.36534E7
2014-2,DOGE,8.605694E7
2014-3,DOGE,4.443761E7
2014-4,DOGE,3.614668E7
2014-5,DOGE,1222410.0
2014-6,DOGE,5195000.0
2014-8,DOGE,1430870.0
2014-9,DOGE,3.271746E7
2014-10,DOGE,8002420.0
2014-11,DOGE,1.988087E7
2014-12,DOGE,1050380.0
2015-6,DOGE,1467650.0
2015-7,DOGE,1504540.0
2016-1,DOGE,1.67573E7
2016-3,DOGE,1369190.0
2016-6,DOGE,1283070.0
2016-7,DOGE,1777410.0
2016-8,DOGE,1567680.0
2017-3,DOGE,9536050.0
2017-4,DOGE,6.467063E7
2017-5,DOGE,8.3835669E8
2017-6,DOGE,6.5379049E8
2017-7,DOGE,2.0126193E8
2017-8,DOGE,1.5906782E8
2017-9,DOGE,2.6762409E8
2017-10,DOGE,1.0943984E8
2017-11,DOGE,1.5903706E8
2017-12,DOGE,1.60028075E9
2018-1,DOGE,2.2799391E9
2018-2,DOGE,6.0463898E8
2018-3,DOGE,2.8973401E8
2018-4,DOGE,5.8630774E8
2018-5,DOGE,6.127713E8
2018-6,DOGE,1.135527E7
2017-6,DOPE,4832490.0
2017-7,DOPE,2466840.0
2017-8,DOPE,1280950.0
2017-9,DOPE,7056650.0
2017-12,DOPE,7.18224E7
2018-1,DOPE,1.844842E7
2017-7,DYN,1895170.0
2017-11,DYN,1150680.0
2017-12,DYN,3.8812E7
2018-1,DYN,4.935023E7
2018-2,DYN,9429330.0
2018-3,DYN,2.519221E7
2018-4,DYN,2.172983E7
2017-11,EAG,1003800.0
2017-6,EBST,1502100.0
2017-8,EBST,1166150.0
2017-9,EBST,2.94367E7
2017-10,EBST,2023430.0
2017-12,EBST,2.197761E7
2018-1,EBST,1.3507947E8
2018-4,EBST,9714140.0
2018-5,EBST,2.623428E7
2017-9,EBT,1032650.0
2017-12,ECA,5069300.0
2018-1,ECA,1.917244E7
2018-4,ECA,3406750.0
2018-5,ECA,8153990.0
2017-6,ECC,1099470.0
2018-1,ECC,5239780.0
2016-8,EDR,8675880.0
2016-11,EDR,2043730.0
2016-12,EDR,2770230.0
2017-1,EDR,5183460.0
2017-2,EDR,3.116418E7
2017-3,EDR,9541430.0
2017-4,EDR,3343450.0
2017-8,EDR,4206650.0
2017-10,EDR,4918040.0
2017-11,EDR,1.88921E7
2018-1,EDR,6486220.0
2016-6,EDRC,1.395713E7
2016-7,EDRC,2.436663E7
2017-11,EFL,3675020.0
2017-12,EFL,1529690.0
2018-1,EFL,3658260.0
2017-8,EGC,6647770.0
2017-9,EGC,5063760.0
2017-10,EGC,1141620.0
2017-12,EGC,1.330438E7
2018-2,ELA,1.9219186E9
2018-3,ELA,7.5774005E8
2018-4,ELA,5.732508E8
2018-5,ELA,5.4932774E8
2018-6,ELA,3.66601E7
2017-8,EMB,1154580.0
2017-12,EMB,5046070.0
2018-1,EMB,5908990.0
2016-7,EMC,3752320.0
2017-5,EMC,1.545602E7
2017-6,EMC,4.418046E7
2017-7,EMC,4599810.0
2017-8,EMC,6155010.0
2017-9,EMC,2706670.0
2017-11,EMC,1175480.0
2017-12,EMC,3.063908E7
2018-1,EMC,1.0088051E8
2018-2,EMC,2.098423E7
2018-3,EMC,1096290.0
2018-4,EMC,1.1341098E8
2018-5,EMC,3.63478E7
2018-6,EMC,3193990.0
2016-7,EMC2,1658610.0
2017-4,EMC2,2571610.0
2017-5,EMC2,1.168959E7
2017-6,EMC2,1.317702E7
2017-7,EMC2,7456950.0
2017-8,EMC2,1.344283E7
2017-9,EMC2,6.788945E7
2017-10,EMC2,7.992921E7
2017-11,EMC2,3.5415977E8
2017-12,EMC2,2.33738783E9
2018-1,EMC2,6.5847257E8
2018-2,EMC2,2.3768686E8
2018-3,EMC2,2.7362104E8
2018-4,EMC2,3.62733E8
2018-5,EMC2,8.090339E7
2017-6,ENRG,1913490.0
2017-7,ENRG,1185870.0
2017-8,ENRG,1779390.0
2017-10,ENRG,3132160.0
2017-11,ENRG,1406860.0
2018-1,ENRG,1.677839E7
2017-6,ERC,1049580.0
2017-8,ERC,1.368867E7
2017-9,ERC,3758240.0
2017-11,ERC,1242630.0
2018-1,ERY,1303070.0
2018-1,ESP,3568330.0
2016-7,ETC,2.930553E8
2016-8,ETC,5.8169834E8
2016-9,ETC,8.148345E7
2016-10,ETC,3.606733E7
2016-11,ETC,1.125836E7
2016-12,ETC,5.584415E7
2017-1,ETC,5.944973E7
2017-2,ETC,3.174657E7
2017-3,ETC,2.5560263E8
2017-4,ETC,5.14273E8
2017-5,ETC,3.2256131E9
2017-6,ETC,5.4381273E9
2017-7,ETC,4.5014862E9
2017-8,ETC,2.4896645E9
2017-9,ETC,5.4211101E9
2017-10,ETC,1.0999431E9
2017-11,ETC,1.1185719E10
2017-12,ETC,1.6644796E10
2018-1,ETC,1.7063183E10
2018-2,ETC,1.6247398E10
2018-3,ETC,9.796955E9
2018-4,ETC,5.4157607E9
2018-5,ETC,6.897418E9
2018-6,ETC,2.80862E8
2015-8,ETH,3.494212E7
2015-9,ETH,3263490.0
2015-10,ETH,1.001698E7
2015-11,ETH,1.278384E7
2015-12,ETH,1376280.0
2016-1,ETH,9.512111E7
2016-2,ETH,3.5038894E8
2016-3,ETH,9.1149128E8
2016-4,ETH,5.0343958E8
2016-5,ETH,8.6628549E8
2016-6,ETH,1.17920843E9
2016-7,ETH,8.5147218E8
2016-8,ETH,5.070703E8
2016-9,ETH,3.4762307E8
2016-10,ETH,3.1177027E8
2016-11,ETH,2.6354889E8
2016-12,ETH,3.880607E8
2017-1,ETH,5.2174848E8
2017-2,ETH,4.6716676E8
2017-3,ETH,4.3248103E9
2017-4,ETH,3.1543197E9
2017-5,ETH,1.46799548E10
2017-6,ETH,3.4410801E10
2017-7,ETH,3.103442E10
2017-8,ETH,3.3197514E10
2017-9,ETH,2.43103E10
2017-10,ETH,1.3427329E10
2017-11,ETH,3.190482E10
2017-12,ETH,7.9862277E10
2018-1,ETH,1.6361022E11
2018-2,ETH,8.339344E10
2018-3,ETH,5.371618E10
2018-4,ETH,6.0669919E10
2018-5,ETH,8.175272E10
2018-6,ETH,3.82628E9
2017-9,ETHD,1682940.0
2017-10,ETHD,2.038375E7
2018-1,ETHD,9891300.0
2017-11,ETN,9707620.0
2017-12,ETN,2.7505686E8
2018-1,ETN,2.8313804E8
2018-2,ETN,8.424447E7
2018-3,ETN,5.99129E7
2018-4,ETN,2.677076E7
2018-5,ETN,2.596992E7
2017-6,ETP,1.575495E7
2017-8,ETP,8923950.0
2017-9,ETP,2.142797E7
2017-10,ETP,3.3689637E8
2017-11,ETP,2.2232961E8
2017-12,ETP,2.9890158E8
2018-1,ETP,3.1433449E8
2018-2,ETP,7.764452E7
2018-3,ETP,5.073454E7
2018-4,ETP,1.0512242E8
2018-5,ETP,1.7015507E8
2018-6,ETP,8808910.0
2017-7,EXCL,1389410.0
2017-11,EXCL,1.070692E7
2017-12,EXCL,4.601758E7
2018-1,EXCL,1.561288E7
2018-2,EXCL,6153290.0
2018-3,EXCL,3.433634E7
2018-4,EXCL,8275890.0
2016-2,EXP,3033970.0
2016-7,EXP,1064600.0
2017-5,EXP,2.805132E7
2017-6,EXP,1.173307E7
2017-8,EXP,1.555861E7
2017-9,EXP,8537230.0
2017-10,EXP,5095170.0
2017-11,EXP,3804290.0
2017-12,EXP,8.154571E7
2018-1,EXP,6.205792E7
2018-2,EXP,4112640.0
2018-3,EXP,4.829094E7
2018-4,EXP,1.802378E7
2018-5,EXP,5764490.0
2017-6,FAIR,1657930.0
2017-12,FAIR,4066900.0
2018-1,FAIR,3514880.0
2015-12,FCT,1579260.0
2016-1,FCT,9252030.0
2016-3,FCT,4.377847E7
2016-6,FCT,1.015427E7
2016-7,FCT,2731260.0
2016-8,FCT,3.922964E7
2016-9,FCT,2.578516E7
2016-10,FCT,1.783862E7
2016-11,FCT,7969240.0
2016-12,FCT,2.990105E7
2017-1,FCT,1.013299E7
2017-2,FCT,6901750.0
2017-3,FCT,4.097486E7
2017-4,FCT,6.764572E7
2017-5,FCT,1.1442457E8
2017-6,FCT,3.5296746E8
2017-7,FCT,1.097796E8
2017-8,FCT,1.4676239E8
2017-9,FCT,6.038243E7
2017-10,FCT,7.826579E7
2017-11,FCT,1.8002002E8
2017-12,FCT,5.3678411E8
2018-1,FCT,7.5014831E8
2018-2,FCT,1.5198806E8
2018-3,FCT,8.045096E7
2018-4,FCT,5.422355E7
2018-5,FCT,5.547872E7
2017-12,FIL,4075570.0
2018-1,FIL,3280400.0
2018-4,FIL,9692430.0
2018-5,FIL,6937480.0
2018-1,FLASH,1.305407E7
2017-5,FLO,2.130341E7
2017-6,FLO,8312560.0
2017-8,FLO,5761220.0
2017-9,FLO,2016910.0
2017-10,FLO,5658510.0
2017-11,FLO,1679510.0
2017-12,FLO,2.691996E7
2018-1,FLO,1.563601E7
2017-4,FRGC,1025990.0
2017-5,FRGC,1014450.0
2017-7,FRGC,9971780.0
2017-8,FRGC,1.098774E7
2017-9,FRGC,1011810.0
2017-10,FRGC,2.306718E7
2017-11,FRGC,5.644926E7
2017-12,FRGC,5.353698E7
2018-1,FRGC,3.873879E7
2018-2,FRGC,2.498847E7
2018-3,FRGC,3.495812E7
2018-4,FRGC,4.100125E7
2018-5,FRGC,3.500192E7
2017-8,FRST,1123130.0
2017-9,FRST,1.430694E7
2017-10,FRST,5.801081E7
2017-11,FRST,2.754275E7
2017-12,FRST,1.420505E7
2018-1,FRST,1049450.0
2018-2,FRST,1033620.0
2014-1,FTC,1872530.0
2017-6,FTC,1.498936E7
2017-7,FTC,3.258725E7
2017-8,FTC,2.736427E7
2017-9,FTC,2718940.0
2017-10,FTC,2.584813E7
2017-11,FTC,4.680539E7
2017-12,FTC,3.438202E7
2018-1,FTC,3.954734E7
2018-3,FTC,2.228884E7
2018-4,FTC,1272860.0
2018-5,FTC,1430400.0
2018-1,GAIN,1196140.0
2018-1,GAM,1634430.0
2017-1,GAME,1400620.0
2017-3,GAME,1620160.0
2017-4,GAME,2.825786E7
2017-5,GAME,7.866899E7
2017-6,GAME,1.3245431E8
2017-7,GAME,5.921881E7
2017-8,GAME,1.1269864E8
2017-9,GAME,6.620943E7
2017-10,GAME,4.564123E7
2017-11,GAME,5.645311E7
2017-12,GAME,2.1007311E8
2018-1,GAME,2.5091264E8
2018-2,GAME,6.831288E7
2018-3,GAME,3.160537E7
2018-4,GAME,2.014113E7
2018-5,GAME,1.118919E7
2017-11,GB,1071620.0
2017-9,GBG,3809720.0
2017-10,GBG,1.387338E7
2017-12,GBG,1.066498E7
2017-6,GBYTE,1.116974E7
2017-7,GBYTE,1.431184E7
2017-8,GBYTE,6.506815E7
2017-9,GBYTE,1.001402E7
2017-10,GBYTE,2318010.0
2017-11,GBYTE,9376030.0
2017-12,GBYTE,1.083473E8
2018-1,GBYTE,7.189169E7
2018-2,GBYTE,1.550885E7
2018-3,GBYTE,1.554484E7
2018-4,GBYTE,1156180.0
2018-5,GCC,1175990.0
2018-1,GCN,1931360.0
2017-9,GCR,1007150.0
2017-11,GCR,1.205728E7
2017-12,GCR,1.0328504E8
2018-1,GCR,3.197627E7
2017-8,GLD,1645810.0
2017-9,GLD,1388980.0
2017-12,GLD,3815910.0
2018-1,GLD,5361740.0
2017-1,GOLOS,1.74844E7
2017-12,GOLOS,3161280.0
2017-5,GRC,2.006143E7
2017-6,GRC,3.132193E7
2017-7,GRC,1078470.0
2017-8,GRC,2997580.0
2017-9,GRC,1180670.0
2017-12,GRC,1.496538E7
2018-1,GRC,1.590654E7
2017-7,GRS,3077520.0
2017-8,GRS,2458320.0
2017-9,GRS,1.561754E7
2017-10,GRS,1.039251E8
2017-11,GRS,3.3875426E8
2017-12,GRS,2.4491551E8
2018-1,GRS,2.1561989E8
2018-2,GRS,6.44893E7
2018-3,GRS,2.303344E7
2018-4,GRS,1.90752546E9
2018-5,GRS,6.5347877E8
2018-6,GRS,6789990.0
2017-6,GXS,1.1643938E8
2017-7,GXS,3.0436617E8
2017-8,GXS,4.7127658E8
2017-9,GXS,4.134292E7
2017-10,GXS,3.559015E7
2017-11,GXS,1.4684783E8
2017-12,GXS,3.1688915E8
2018-1,GXS,4.2875421E8
2018-2,GXS,2.9935014E8
2018-3,GXS,1.4572545E8
2018-4,GXS,3.2864821E8
2018-5,GXS,4.6420557E8
2018-6,GXS,3.94628E7
2017-12,HBC,1.225882E7
2018-1,HBC,7535410.0
2017-11,HIGH,1031670.0
2017-8,HSR,3.3213189E8
2017-9,HSR,7.1520528E8
2017-10,HSR,5.2594117E8
2017-11,HSR,9.891446E8
2017-12,HSR,3.9922334E9
2018-1,HSR,5.256587E9
2018-2,HSR,1.9744912E9
2018-3,HSR,7.099642E8
2018-4,HSR,1.2217E9
2018-5,HSR,1.8990238E9
2018-6,HSR,9.73056E7
2018-2,HT,4.1467024E9
2018-3,HT,3.0007884E9
2018-4,HT,2.531018E9
2018-5,HT,2.9070029E9
2018-6,HT,1.928267E8
2018-1,HTML,1.0073002E8
2018-2,HTML,1.135906E7
2017-4,HUC,4183980.0
2017-6,HUC,1.49132E7
2017-12,HUSH,2584840.0
2018-1,HUSH,1.234158E7
2017-12,HWC,7370740.0
2018-4,HXX,2963300.0
2018-5,HXX,3683240.0
2017-12,ICOB,1086820.0
2017-5,IFC,1.5837534E8
2017-6,IFC,1.1099314E8
2017-7,IFC,3.140941E7
2017-8,IFC,1.051699E7
2017-9,IFC,1.709959E7
2018-1,IFC,1004350.0
2017-9,INFX,2550780.0
2017-11,INFX,1055910.0
2017-12,INFX,1024710.0
2018-1,INFX,6148770.0
2017-9,IOC,3322650.0
2017-12,IOC,4006750.0
2018-1,IOC,2.187878E7
2017-6,ION,3265510.0
2017-7,ION,1216960.0
2017-9,ION,4433500.0
2017-10,ION,5106360.0
2017-11,ION,1158500.0
2017-12,ION,1.983051E7
2018-1,ION,3.6439243E8
2018-2,ION,4.058028E7
2018-3,ION,1.7384757E8
2018-4,ION,3.98715E7
2018-5,ION,2538390.0
2017-9,IOP,9.271455E7
2017-10,IOP,4.316846E7
2017-11,IOP,3.34199E7
2017-12,IOP,1.9864236E8
2018-1,IOP,7.342705E7
2018-2,IOP,6808550.0
2018-3,IOP,1.70706E7
2018-4,IOP,1.139021E7
2018-5,IOP,1.480685E7
2017-11,KB3,4335820.0
2018-1,KB3,6966030.0
2017-6,KMD,1.543897E7
2017-8,KMD,1.529276E7
2017-9,KMD,2.0195369E8
2017-10,KMD,3.514405E7
2017-11,KMD,1.3819334E8
2017-12,KMD,5.3263907E8
2018-1,KMD,4.499788E8
2018-2,KMD,1.6818078E8
2018-3,KMD,6.279916E7
2018-4,KMD,1.3898878E8
2018-5,KMD,1.135914E8
2017-6,KORE,6978170.0
2017-8,KORE,6677250.0
2017-9,KORE,1.526351E7
2017-10,KORE,3528570.0
2017-11,KORE,5683130.0
2017-12,KORE,3.206604E7
2018-1,KORE,1.684655E7
2018-2,KORE,5328090.0
2018-3,KORE,9.855446E7
2018-4,KORE,6140100.0
2018-5,KORE,1.295558E7
2018-4,KST,9250780.0
2018-5,KST,4797140.0
2017-1,LBC,1045560.0
2017-3,LBC,1375230.0
2017-5,LBC,1.946248E7
2017-6,LBC,1.5706748E8
2017-7,LBC,6.33634E7
2017-8,LBC,6.135353E7
2017-9,LBC,1.895207E7
2017-10,LBC,1082700.0
2017-11,LBC,1.922517E7
2017-12,LBC,1.7638682E8
2018-1,LBC,1.6984642E8
2018-2,LBC,6543060.0
2018-3,LBC,2.949873E7
2018-4,LBC,5031100.0
2018-2,LCC,6268030.0
2018-3,LCC,3572660.0
2018-1,LEA,2828900.0
2017-10,LEO,2552550.0
2017-11,LEO,1.236239E7
2017-12,LEO,1.097974E7
2018-4,LEO,1.735529E7
2018-5,LEO,3.9602E7
2018-6,LEO,2613010.0
2018-1,LET,5.264457E7
2018-2,LET,3.002832E8
2018-3,LET,1.6872853E8
2018-4,LET,1.6861966E8
2018-5,LET,1.4904431E8
2018-6,LET,1.849001E7
2017-12,LINDA,1258260.0
2018-1,LINDA,1.0407341E8
2018-3,LINDA,1086330.0
2017-6,LKK,1.380306E7
2017-7,LKK,2076800.0
2017-8,LKK,3002570.0
2017-9,LKK,1112730.0
2018-1,LKK,2285950.0
2016-12,LMC,2.214104E7
2017-1,LMC,1689490.0
2017-5,LMC,1523630.0
2017-6,LMC,5.629175E7
2017-7,LMC,1062460.0
2017-8,LMC,8627490.0
2017-9,LMC,3.106916E7
2017-10,LMC,4465710.0
2017-11,LMC,3161100.0
2017-12,LMC,3.670856E7
2018-1,LMC,5.067486E7
2016-5,LSK,5.23362E7
2016-6,LSK,6.456001E7
2016-7,LSK,6384270.0
2016-8,LSK,1.005093E7
2017-3,LSK,1.680009E7
2017-4,LSK,1.637581E7
2017-5,LSK,9.330554E7
2017-6,LSK,4.1645045E8
2017-7,LSK,1.2736276E8
2017-8,LSK,6.4680338E8
2017-9,LSK,5.4621362E8
2017-10,LSK,3.2268828E8
2017-11,LSK,9.7886621E8
2017-12,LSK,2.3230956E9
2018-1,LSK,2.8422317E9
2018-2,LSK,2.2142275E9
2018-3,LSK,8.141451E8
2018-4,LSK,8.188453E8
2018-5,LSK,6.437628E8
2018-6,LSK,3.36083E7
2013-12,LTC,7.338657E7
2014-1,LTC,5.1245865E8
2014-2,LTC,2.5222118E8
2014-3,LTC,3.5263729E8
2014-4,LTC,2.2878716E8
2014-5,LTC,9.854434E7
2014-6,LTC,8.195139E7
2014-7,LTC,9.358505E7
2014-8,LTC,1.3131758E8
2014-9,LTC,8.17733E7
2014-10,LTC,1.2098752E8
2014-11,LTC,1.0249934E8
2014-12,LTC,7.14125E7
2015-1,LTC,9.762653E7
2015-2,LTC,4.716871E7
2015-3,LTC,5.442439E7
2015-4,LTC,2.807553E7
2015-5,LTC,3.566966E7
2015-6,LTC,1.1862854E8
2015-7,LTC,3.8583665E8
2015-8,LTC,1.1603284E8
2015-9,LTC,4.32335E7
2015-10,LTC,6.256215E7
2015-11,LTC,1.3580438E8
2015-12,LTC,8.944396E7
2016-1,LTC,9.496189E7
2016-2,LTC,4.460993E7
2016-3,LTC,3.255862E7
2016-4,LTC,6.493409E7
2016-5,LTC,1.0267001E8
2016-6,LTC,1.8850072E8
2016-7,LTC,1.0527761E8
2016-8,LTC,8.365235E7
2016-9,LTC,6.216933E7
2016-10,LTC,8.35563E7
2016-11,LTC,8.138758E7
2016-12,LTC,1.6480491E8
2017-1,LTC,2.7465614E8
2017-2,LTC,1.4905101E8
2017-3,LTC,4.8900004E8
2017-4,LTC,2.6782621E9
2017-5,LTC,6.4991618E9
2017-6,LTC,1.3602595E10
2017-7,LTC,1.07126617E10
2017-8,LTC,7.3636536E9
2017-9,LTC,1.59716051E10
2017-10,LTC,4.7360777E9
2017-11,LTC,8.6101991E9
2017-12,LTC,5.0530946E10
2018-1,LTC,3.0085834E10
2018-2,LTC,2.7811855E10
2018-3,LTC,1.6048803E10
2018-4,LTC,1.0932448E10
2018-5,LTC,1.2636423E10
2018-6,LTC,6.01686E8
2017-12,LUX,1.027489E7
2018-1,LUX,3.600091E7
2018-4,LUX,1091010.0
2017-12,MAGE,8086620.0
2014-2,MAX,1.923546E7
2014-3,MAX,1340370.0
2017-6,MAX,2.142096E7
2017-7,MAX,1483850.0
2017-8,MAX,5202320.0
2017-9,MAX,1777950.0
2017-5,MEC,3037400.0
2017-6,MEC,4.451096E7
2017-7,MEC,3.814224E7
2017-8,MEC,3872020.0
2017-7,MEME,1589030.0
2017-9,MEME,5912660.0
2017-11,MEME,2.876982E7
2017-12,MEME,3.0776314E8
2018-1,MEME,1.1163102E8
2018-2,MEME,9374480.0
2018-3,MEME,1.531192E7
2018-4,MEME,1.117304E7
2018-5,MEME,1245820.0
2014-2,MINT,1280960.0
2018-1,MINT,3.177228E7
2018-3,MINT,1774450.0
2017-6,MIOTA,1.3268075E8
2017-7,MIOTA,1.5801157E8
2017-8,MIOTA,8.4282907E8
2017-9,MIOTA,7.6142904E8
2017-10,MIOTA,3.970623E8
2017-11,MIOTA,2.54309076E9
2017-12,MIOTA,1.7400996E10
2018-1,MIOTA,4.9419797E9
2018-2,MIOTA,1.6308547E9
2018-3,MIOTA,1.2488439E9
2018-4,MIOTA,1.8741327E9
2018-5,MIOTA,3.1917819E9
2018-6,MIOTA,2.58571E8
2018-3,MLM,1.265062E7
2018-2,MNTP,1108070.0
2017-12,MNX,1259840.0
2017-6,MONA,2416250.0
2017-10,MONA,2.6227345E8
2017-11,MONA,3.0764391E8
2017-12,MONA,7.4595862E8
2018-1,MONA,2.7976222E8
2018-2,MONA,1.6917307E8
2018-3,MONA,7.136405E7
2018-4,MONA,1.062574E8
2018-5,MONA,6.803575E7
2018-6,MONA,1117970.0
2017-6,MOON,4318640.0
2018-1,MOON,2.717941E7
2017-10,MSD,1317090.0
2017-7,MUE,3060020.0
2017-8,MUE,1858470.0
2017-10,MUE,4727970.0
2017-11,MUE,3672240.0
2017-12,MUE,7.730389E7
2018-1,MUE,4.512005E7
2018-2,MUE,1508240.0
2018-3,MUE,3.15667E7
2018-4,MUE,5681530.0
2018-5,MUE,2086000.0
2017-5,MUSIC,1085910.0
2017-8,MUSIC,1.188891E7
2017-12,MUSIC,4.273211E7
2018-1,MUSIC,5.874803E7
2018-3,MUSIC,1527350.0
2014-3,MZC,1043060.0
2017-12,NANO,3.3291991E8
2018-1,NANO,1.1116989E9
2018-2,NANO,2.19632696E9
2018-3,NANO,1.4870072E9
2018-4,NANO,5.4130615E8
2018-5,NANO,5.8110567E8
2018-6,NANO,2.05112E7
2016-9,NAV,8493540.0
2017-3,NAV,3482320.0
2017-4,NAV,4479630.0
2017-5,NAV,1.482012E7
2017-6,NAV,7000580.0
2017-8,NAV,4.085314E7
2017-9,NAV,1.6650181E8
2017-10,NAV,6.114829E7
2017-11,NAV,5.167467E7
2017-12,NAV,3.5572489E8
2018-1,NAV,2.487145E8
2018-2,NAV,5.19987E7
2018-3,NAV,3.293281E7
2018-4,NAV,4.391941E7
2018-5,NAV,1.5026885E8
2018-6,NAV,1.55386E7
2017-10,NEBL,1980250.0
2017-12,NEBL,2.635114E7
2018-1,NEBL,1.23907757E9
2018-2,NEBL,2.5463988E8
2018-3,NEBL,3.0887555E8
2018-4,NEBL,3.6497027E8
2018-5,NEBL,2.9397952E8
2018-6,NEBL,1.706887E7
2017-4,NEO,1631520.0
2017-5,NEO,9.044738E7
2017-6,NEO,1.33127222E9
2017-7,NEO,6.0520115E8
2017-8,NEO,4.3616059E9
2017-9,NEO,1.97723E9
2017-10,NEO,1.6309645E9
2017-11,NEO,2.9471053E9
2017-12,NEO,5.7678128E9
2018-1,NEO,1.5201851E10
2018-2,NEO,8.210132E9
2018-3,NEO,4.9457032E9
2018-4,NEO,4.6024676E9
2018-5,NEO,3.6893593E9
2018-6,NEO,2.005032E8
2016-9,NEOS,1023160.0
2017-2,NEOS,1408390.0
2017-4,NEOS,1791200.0
2017-5,NEOS,1351060.0
2017-6,NEOS,1.478486E7
2017-7,NEOS,3498840.0
2017-8,NEOS,1.288844E7
2017-9,NEOS,2676750.0
2017-10,NEOS,1035460.0
2017-11,NEOS,2474430.0
2017-12,NEOS,4.341052E7
2018-1,NEOS,2.878356E7
2018-4,NEOS,1562840.0
2018-1,NLC2,1004190.0
2016-10,NLG,1200460.0
2017-12,NLG,1.758925E7
2018-1,NLG,4.271938E7
2013-12,NMC,2816320.0
2014-1,NMC,8.285185E7
2014-2,NMC,1.652805E7
2014-3,NMC,1183350.0
2014-4,NMC,4936000.0
2015-7,NMC,2338560.0
2017-3,NMC,1.276736E7
2017-4,NMC,1.100658E7
2017-5,NMC,5.257963E7
2017-6,NMC,5.827215E7
2017-7,NMC,2.134025E7
2017-11,NMC,3785280.0
2017-12,NMC,2.325159E7
2018-1,NMC,1.649065E7
2018-1,NMS,1035540.0
2017-3,NOBL,2365740.0
2017-4,NOBL,1954510.0
2018-1,NOBL,5172710.0
2017-5,NOTE,3541430.0
2017-6,NOTE,2.048623E7
2017-7,NTRN,1582380.0
2015-8,NVC,4.77576E7
2016-8,NVC,3922240.0
2017-3,NVC,3816660.0
2017-4,NVC,5609680.0
2017-5,NVC,3443250.0
2017-6,NVC,3.096154E7
2017-7,NVC,1175870.0
2017-11,NVC,2218570.0
2017-7,NXS,2672690.0
2017-8,NXS,1.568719E7
2017-9,NXS,2.512602E7
2017-10,NXS,2512670.0
2017-11,NXS,2.510433E7
2017-12,NXS,6.984038E7
2018-1,NXS,2.267756E8
2018-2,NXS,4.633668E7
2018-3,NXS,4.7009377E8
2018-4,NXS,7.638264E7
2018-5,NXS,2.96575E7
2018-6,NXS,1111050.0
2014-1,NXT,1244760.0
2014-6,NXT,1655370.0
2016-6,NXT,8687270.0
2016-7,NXT,1.021778E7
2016-8,NXT,1406230.0
2016-9,NXT,1689960.0
2017-2,NXT,1103770.0
2017-3,NXT,2827130.0
2017-4,NXT,4.5698944E8
2017-5,NXT,1.3682474E8
2017-6,NXT,4.7404351E8
2017-7,NXT,2.0527132E8
2017-8,NXT,4.0112346E8
2017-9,NXT,1.6373511E8
2017-10,NXT,1.1545016E8
2017-11,NXT,3.5533251E8
2017-12,NXT,6.4517692E9
2018-1,NXT,1.1689344E9
2018-2,NXT,2.4110109E8
2018-3,NXT,1.0125747E8
2018-4,NXT,1.3848567E8
2018-5,NXT,1.4493641E8
2018-6,NXT,8611150.0
2018-1,NYC,7545790.0
2018-1,OC,2228720.0
2018-2,OC,2.1219105E8
2018-3,OC,3.3708127E8
2018-4,OC,1.5460623E8
2018-5,OC,1.4201821E8
2018-6,OC,6936590.0
2018-4,OCC,7898160.0
2018-5,OCC,5150930.0
2018-6,OCC,1009430.0
2017-10,ODN,3810590.0
2018-1,ODN,5689700.0
2018-1,OF,2.259128E8
2018-2,OF,3.7950321E8
2018-3,OF,4.407167E7
2018-4,OF,4.412196E7
2018-5,OF,3.556617E7
2017-6,OK,1199480.0
2017-7,OK,1017490.0
2017-8,OK,3449680.0
2017-9,OK,2.0640876E8
2017-10,OK,6.405873E7
2017-11,OK,1.7189742E8
2017-12,OK,2.0963231E8
2018-1,OK,1.085442E8
2018-2,OK,3339220.0
2018-3,OK,3.682458E7
2018-4,OK,1.352607E7
2018-5,OK,1529340.0
2017-5,OMNI,5.164424E7
2017-6,OMNI,6.090013E7
2017-7,OMNI,3477790.0
2017-9,OMNI,3069780.0
2017-10,OMNI,1.743395E7
2017-11,OMNI,4201110.0
2017-12,OMNI,2.952065E7
2018-1,OMNI,3.783146E7
2018-2,OMNI,8652120.0
2018-3,OMNI,1.509242E7
2018-4,OMNI,1.936318E7
2018-5,OMNI,1.791976E7
2017-12,ONION,5391380.0
2018-1,ONION,1.675471E7
2018-1,OPC,1494280.0
2017-7,PART,1020090.0
2017-8,PART,1940450.0
2017-11,PART,1123630.0
2017-12,PART,5.200979E7
2018-1,PART,6.918146E7
2018-2,PART,1722720.0
2018-3,PART,3.021765E7
2018-4,PART,9.27409E7
2018-5,PART,4.934245E7
2018-6,PART,2139330.0
2017-1,PASC,4.088152E7
2017-2,PASC,6137120.0
2017-3,PASC,2437320.0
2017-5,PASC,7513230.0
2017-6,PASC,1115370.0
2017-11,PASC,6400920.0
2017-12,PASC,7193400.0
2018-1,PASC,2.436078E7
2018-5,PCN,1.810461E7
2017-12,PHR,6627190.0
2018-1,PHR,5199080.0
2018-1,PIGGY,1007020.0
2017-4,PINK,7903230.0
2017-5,PINK,9117710.0
2017-6,PINK,1.878937E7
2017-8,PINK,8111440.0
2017-9,PINK,1.19E7
2017-12,PINK,1.347495E7
2018-1,PINK,2.215963E7
2018-1,PIRL,1114310.0
2017-3,PIVX,2.145967E7
2017-4,PIVX,3.204519E7
2017-5,PIVX,3.589407E7
2017-6,PIVX,1.381289E7
2017-7,PIVX,2.158675E7
2017-8,PIVX,2.742024E7
2017-9,PIVX,2.687731E7
2017-10,PIVX,2.045118E7
2017-11,PIVX,5.30048E7
2017-12,PIVX,2.1809135E8
2018-1,PIVX,6.0827176E8
2018-2,PIVX,2.0112271E8
2018-3,PIVX,9.915547E7
2018-4,PIVX,1.451588E8
2018-5,PIVX,1.3418656E8
2018-6,PIVX,3679440.0
2017-6,PKB,7708520.0
2017-10,PKB,4.275851E7
2017-11,PKB,1.367657E7
2017-12,PKB,1286660.0
2018-1,PKB,1.14798E7
2018-5,PLAN,3309380.0
2018-1,PND,3.021454E7
2018-2,POA,7.93762E7
2018-3,POA,1.8734643E8
2018-4,POA,3.8047504E8
2018-5,POA,2.2026526E8
2018-6,POA,3166390.0
2018-1,POSW,1057440.0
2016-10,POT,1.757878E7
2016-12,POT,1349820.0
2017-3,POT,1817880.0
2017-4,POT,8296570.0
2017-5,POT,6548050.0
2017-6,POT,3.196995E7
2017-7,POT,1.209361E7
2017-8,POT,2663860.0
2017-9,POT,2082550.0
2017-10,POT,5795450.0
2017-11,POT,1.1252082E8
2017-12,POT,2.4936627E8
2018-1,POT,7.419284E7
2013-12,PPC,2317070.0
2014-1,PPC,8.219613E7
2014-2,PPC,2.139209E7
2014-3,PPC,3856290.0
2014-4,PPC,4021050.0
2014-9,PPC,1.228051E7
2014-10,PPC,2400440.0
2015-2,PPC,1721820.0
2015-7,PPC,4765600.0
2016-9,PPC,1400800.0
2017-3,PPC,6182910.0
2017-4,PPC,7184840.0
2017-5,PPC,7.850123E7
2017-6,PPC,1.2008703E8
2017-7,PPC,2.841714E7
2017-8,PPC,1.162642E7
2017-9,PPC,1077300.0
2017-10,PPC,2443090.0
2017-11,PPC,3.080993E7
2017-12,PPC,1.1682356E8
2018-1,PPC,7.477139E7
2018-2,PPC,1.883486E7
2018-3,PPC,1065200.0
2018-4,PPC,1563270.0
2018-5,PPC,4485650.0
2017-8,PPY,3650740.0
2018-1,PRN,1373550.0
2018-1,PROC,9932120.0
2017-6,PTC,1351940.0
2017-8,PTC,3223450.0
2017-9,PTC,3676020.0
2017-11,PTC,1137880.0
2017-12,PTC,1006880.0
2018-1,PTC,1538690.0
2017-8,PURA,2.240105E7
2017-9,PURA,2049090.0
2017-12,PURA,2920670.0
2018-1,PURA,6728020.0
2018-2,PURA,1539360.0
2018-3,PURA,1899720.0
2018-4,PURA,7.176872E7
2018-5,PURA,6.75843E7
2017-6,QRK,1.644995E7
2017-7,QRK,6562270.0
2017-5,QTUM,4.200183E7
2017-6,QTUM,6.2296862E8
2017-7,QTUM,4.3380526E8
2017-8,QTUM,2.0337579E9
2017-9,QTUM,3.6194835E9
2017-10,QTUM,1.795597E9
2017-11,QTUM,3.5446597E9
2017-12,QTUM,1.99345997E10
2018-1,QTUM,2.5310952E10
2018-2,QTUM,6.9409656E9
2018-3,QTUM,5.1127894E9
2018-4,QTUM,5.7991516E9
2018-5,QTUM,5.250621E9
2018-6,QTUM,3.06187E8
2017-3,RADS,4033830.0
2017-5,RADS,5988940.0
2017-6,RADS,1.905954E7
2017-8,RADS,4005230.0
2017-9,RADS,2442460.0
2017-10,RADS,1245310.0
2017-11,RADS,1.216702E7
2017-12,RADS,7.724889E7
2018-1,RADS,8.691053E7
2018-2,RADS,3764650.0
2018-3,RADS,1.627571E7
2018-4,RADS,6.949592E7
2018-5,RADS,2502230.0
2018-1,RBT,5083100.0
2017-4,RBY,3033110.0
2017-10,RBY,3.371931E7
2017-11,RBY,2773970.0
2017-12,RBY,6088620.0
2018-1,RBY,3587970.0
2018-1,RC,2188910.0
2017-5,RDD,4.324581E7
2017-6,RDD,6.945505E7
2017-7,RDD,6260120.0
2017-8,RDD,2.194056E7
2017-9,RDD,6.530195E7
2017-10,RDD,2.636817E7
2017-11,RDD,1.151028E7
2017-12,RDD,1.113616E9
2018-1,RDD,8.4195032E8
2018-2,RDD,4.3536585E8
2018-3,RDD,1.9089434E8
2018-4,RDD,4.716411E8
2018-5,RDD,4.7343577E8
2018-6,RDD,4635670.0
2017-10,REC,1.554834E8
2017-11,REC,9.548586E7
2017-12,REC,5.479042E7
2018-1,REC,3494470.0
2018-5,REE,1327090.0
2017-5,RIC,5250060.0
2017-6,RIC,1.701652E7
2017-11,RIC,1.285452E7
2017-12,RIC,6837310.0
2018-1,RIC,7062180.0
2018-2,RIC,9249520.0
2018-3,RIC,2869280.0
2017-8,RISE,6.338006E7
2017-9,RISE,1.2029005E8
2017-10,RISE,1.091067E7
2017-11,RISE,4.790705E7
2017-12,RISE,3.468066E8
2018-1,RISE,1.6961667E8
2018-2,RISE,7.768764E7
2017-9,RUP,1239100.0
2018-3,RVN,1238850.0
2018-4,RVN,2017920.0
2018-5,RVN,2234310.0
2017-4,RVR,3125480.0
2017-5,RVR,3958190.0
2017-6,RVR,5778090.0
2017-7,RVR,1018730.0
2017-10,RVR,6323420.0
2017-11,RVR,6.207794E7
2017-12,RVR,6.6960012E8
2018-1,RVR,4.9698682E8
2018-2,RVR,6.674731E7
2018-3,RVR,1.0584671E8
2018-4,RVR,5.404809E7
2018-5,RVR,4655980.0
2017-12,SAGA,3159820.0
2018-1,SAGA,2657710.0
2015-5,SAK,4.983583E7
2015-6,SAK,1.1534799E8
2015-7,SAK,6.581727E7
2015-8,SAK,1.531632E7
2015-9,SAK,3.880875E7
2015-10,SAK,3.162894E7
2015-11,SAK,1.51456E7
2016-1,SAK,1162840.0
2016-2,SAK,3090520.0
2018-3,SBC,1583810.0
2016-7,SBD,1034910.0
2017-3,SBD,1809490.0
2017-4,SBD,4272760.0
2017-6,SBD,1.18792E7
2017-11,SBD,3.404621E7
2017-12,SBD,9.102423E7
2018-1,SBD,1.0836043E9
2018-2,SBD,5.9847921E8
2018-3,SBD,1.057074E8
2018-4,SBD,6.12749E8
2018-5,SBD,1.0865544E8
2017-12,SBTC,3.394858E7
2018-1,SBTC,1.1964489E8
2018-2,SBTC,2.92483E7
2018-4,SBTC,3.508778E7
2018-5,SBTC,6.536641E7
2018-6,SBTC,5676370.0
2016-5,SC,1076170.0
2016-6,SC,2.176301E7
2016-9,SC,2666820.0
2017-3,SC,1418750.0
2017-4,SC,1.053393E7
2017-5,SC,4.7782165E8
2017-6,SC,1.11480615E9
2017-7,SC,3.5184076E8
2017-8,SC,2.5268845E8
2017-9,SC,1.3504915E8
2017-10,SC,5.610181E7
2017-11,SC,7.627558E7
2017-12,SC,1.21051666E9
2018-1,SC,3.5074156E9
2018-2,SC,5.9231255E8
2018-3,SC,2.19666E8
2018-4,SC,1.38057587E9
2018-5,SC,7.2451141E8
2018-6,SC,1.86349E7
2016-9,SDC,1.505116E7
2017-3,SDC,1.904271E7
2017-12,SEND,1279250.0
2018-1,SEND,3770730.0
2017-8,SEQ,1169830.0
2017-10,SEQ,1404610.0
2017-12,SEQ,1458690.0
2018-1,SEQ,1.359484E7
2017-6,SHIFT,2343470.0
2017-8,SHIFT,3402270.0
2017-9,SHIFT,1132270.0
2017-10,SHIFT,1284240.0
2017-11,SHIFT,1.175875E7
2017-12,SHIFT,7.070896E7
2018-1,SHIFT,3.714565E7
2018-2,SHIFT,2897070.0
2018-3,SHIFT,1.827392E7
2018-4,SHIFT,1.361928E7
2018-5,SHIFT,1608330.0
2018-1,SHND,1.755817E7
2017-7,SIB,2120710.0
2017-9,SIB,5806500.0
2017-11,SIB,3156810.0
2017-12,SIB,4.268426E7
2018-1,SIB,2.16639E7
2018-2,SIB,6120870.0
2018-3,SIB,1.655483E7
2018-4,SIB,3757910.0
2017-11,SIC,9346250.0
2017-8,SIGMA,3889350.0
2017-8,SIGT,5258890.0
2017-12,SKY,9965720.0
2018-1,SKY,1.480399E7
2018-2,SKY,2187040.0
2018-3,SKY,1305160.0
2018-4,SKY,6.371391E7
2018-5,SKY,7.665885E7
2018-6,SKY,1209560.0
2017-8,SLR,1032480.0
2017-10,SLR,6893550.0
2017-11,SLR,1.141511E7
2017-12,SLR,7608640.0
2018-1,SLR,5.546526E7
2017-7,SLS,3931050.0
2017-10,SLS,7164290.0
2017-11,SLS,2078640.0
2017-12,SLS,1.0343066E8
2018-1,SLS,9.098701E7
2018-2,SLS,3796260.0
2018-3,SLS,6.0187904E8
2018-4,SLS,1.5789624E8
2018-5,SLS,2.538441E7
2017-12,SMART,3139210.0
2018-1,SMART,4.107328E7
2017-6,SNRG,8047130.0
2017-8,SNRG,5721660.0
2017-10,SNRG,1667620.0
2018-1,SNRG,3665510.0
2017-6,SPHR,7256210.0
2017-12,SPHR,5.565061E7
2018-1,SPHR,1.1161477E8
2018-2,SPHR,2410380.0
2018-3,SPHR,5.33755E7
2018-4,SPHR,1.674511E7
2018-5,SPHR,1050700.0
2017-10,SPR,2.085432E7
2017-11,SPR,3397650.0
2017-12,SPR,2.169371E7
2018-1,SPR,5.637492E7
2018-1,SPRTS,8217930.0
2017-6,SRC,3533110.0
2017-7,SRC,5480010.0
2018-1,STAK,1429050.0
2017-9,START,1.872941E7
2017-12,START,8805890.0
2018-1,START,1.825921E7
2016-7,STEEM,1.018413E7
2016-8,STEEM,1315190.0
2016-12,STEEM,1030820.0
2017-3,STEEM,1.478719E7
2017-4,STEEM,1.181208E7
2017-5,STEEM,1.6533497E8
2017-6,STEEM,2.4673564E8
2017-7,STEEM,5.624981E7
2017-8,STEEM,5.801034E7
2017-9,STEEM,4.67029E7
2017-10,STEEM,2.960963E7
2017-11,STEEM,6.068973E7
2017-12,STEEM,2.6782584E8
2018-1,STEEM,2.0218176E9
2018-2,STEEM,1.15303774E9
2018-3,STEEM,1.4358484E8
2018-4,STEEM,9.3840369E8
2018-5,STEEM,3.8323607E8
2018-6,STEEM,9764790.0
2018-1,STN,1715520.0
2017-3,STRAT,3410860.0
2017-4,STRAT,5.430076E7
2017-5,STRAT,1.7922173E8
2017-6,STRAT,6.0280613E8
2017-7,STRAT,3.4806458E8
2017-8,STRAT,5.8147028E8
2017-9,STRAT,2.2764419E8
2017-10,STRAT,3.2964874E8
2017-11,STRAT,4.0127823E8
2017-12,STRAT,1.8642223E9
2018-1,STRAT,1.6465264E9
2018-2,STRAT,4.471656E8
2018-3,STRAT,2.6467244E8
2018-4,STRAT,3.503764E8
2018-5,STRAT,3.7146364E8
2018-6,STRAT,8724440.0
2017-12,SUMO,3834080.0
2018-1,SUMO,2851710.0
2014-6,SUPER,1017040.0
2017-11,SUPER,1092720.0
2017-7,SYNX,2.542469E7
2017-8,SYNX,8962860.0
2017-9,SYNX,5104420.0
2017-11,SYNX,1.325793E7
2017-12,SYNX,4.130228E7
2018-1,SYNX,9.78051E7
2018-2,SYNX,1.955652E7
2018-3,SYNX,1.43956E7
2018-4,SYNX,2.189144E7
2018-5,SYNX,1.078675E7
2016-3,SYS,6729280.0
2017-3,SYS,1079800.0
2017-4,SYS,1487330.0
2017-5,SYS,8.252958E7
2017-6,SYS,1.5296588E8
2017-7,SYS,2.896341E7
2017-8,SYS,5.328065E7
2017-9,SYS,1.2104109E8
2017-10,SYS,4.74731E7
2017-11,SYS,1.7042595E8
2017-12,SYS,4.7158196E8
2018-1,SYS,2.8639816E8
2018-2,SYS,1.0058329E8
2018-3,SYS,1.2330388E8
2018-4,SYS,1.8259526E8
2018-5,SYS,1.4822624E8
2018-6,SYS,1160780.0
2017-6,TAG,1139310.0
2017-7,TAG,4039490.0
2017-8,TCC,4403970.0
2017-9,TCC,3163610.0
2017-6,THC,2202080.0
2017-8,THC,2114570.0
2017-9,THC,1.105583E7
2017-11,THC,2318080.0
2017-12,THC,2.3125808E8
2018-1,THC,1.3065883E8
2018-2,THC,9958230.0
2017-11,THS,7015480.0
2018-4,TIPS,1012490.0
2018-4,TPAY,2.282236E7
2018-5,TPAY,1.256885E7
2017-6,TRUST,1823610.0
2017-8,TRUST,1557390.0
2017-9,TRUST,6483410.0
2017-10,TRUST,6080830.0
2017-11,TRUST,5406750.0
2017-12,TRUST,1082320.0
2018-1,TRUST,9939150.0
2018-1,TTC,2758020.0
2018-5,TTT,4.5482951E8
2018-6,TTT,1.826191E7
2017-7,TX,2678920.0
2017-8,TX,1283940.0
2017-9,TX,3498370.0
2017-10,TX,1.276404E7
2017-11,TX,1.605194E7
2017-12,TX,3.515628E7
2018-1,TX,2.137929E7
2018-2,TX,2392460.0
2018-3,TX,1.2961897E8
2018-4,TX,2.480876E7
2018-5,TX,2232450.0
2017-5,UBQ,4406830.0
2017-6,UBQ,2.082256E7
2017-8,UBQ,4.57408E7
2017-9,UBQ,1.507349E7
2017-10,UBQ,2403320.0
2017-11,UBQ,4760450.0
2017-12,UBQ,1.2078511E8
2018-1,UBQ,8.992971E7
2018-2,UBQ,1026180.0
2018-3,UBQ,1.000522E7
2018-4,UBQ,5.467151E7
2017-12,UBTC,1166490.0
2018-1,UBTC,9252080.0
2018-2,UBTC,3.557487E7
2018-3,UBTC,3364170.0
2018-4,UBTC,9487770.0
2018-5,UBTC,3.043084E7
2018-5,ULA,1656120.0
2017-7,UNB,2298350.0
2017-8,UNB,3487540.0
2017-9,UNB,1290750.0
2017-12,UNB,1.9386521E8
2018-1,UNB,8.588082E7
2018-2,UNB,3418930.0
2018-3,UNB,1.4402424E8
2018-4,UNB,1.408026E7
2017-12,UNIT,2.314951E7
2017-10,UNO,3.283267E7
2014-7,URO,2013030.0
2014-10,USNBT,3775930.0
2015-1,USNBT,2.020498E7
2017-8,USNBT,4233130.0
2017-9,USNBT,1.232834E7
2017-12,USNBT,1.1748152E8
2018-1,USNBT,2.7091465E8
2018-2,USNBT,5.7315134E8
2018-3,USNBT,4.019675E8
2018-4,USNBT,2.3758923E8
2018-5,USNBT,5249540.0
2017-6,VIA,4.266995E7
2017-7,VIA,4911060.0
2017-8,VIA,1.675629E7
2017-9,VIA,1.168194E7
2017-10,VIA,2.472534E7
2017-11,VIA,1.922128E7
2017-12,VIA,7.576539E7
2018-1,VIA,9.291906E7
2018-2,VIA,5.121408E7
2018-3,VIA,3.6060795E8
2018-4,VIA,1.5274041E8
2018-5,VIA,7.93313E7
2018-1,VIDZ,4223260.0
2018-5,VIPS,8127250.0
2018-1,VLTC,1225370.0
2014-6,VRC,1.655748E7
2014-7,VRC,2519230.0
2017-5,VRC,1297160.0
2017-6,VRC,1.71539E7
2017-7,VRC,4274330.0
2017-8,VRC,4561550.0
2017-9,VRC,9491280.0
2017-10,VRC,2364680.0
2017-11,VRC,3.379879E7
2017-12,VRC,9.513293E7
2018-1,VRC,3.5428982E8
2018-2,VRC,1.431237E7
2018-3,VRC,9.984193E7
2018-4,VRC,1.05531E7
2017-8,VRM,4264620.0
2017-10,VRM,1074540.0
2017-11,VRM,2507560.0
2018-1,VRM,3.340995E7
2014-2,VTC,2480420.0
2017-4,VTC,1.514453E7
2017-5,VTC,2.184498E7
2017-6,VTC,8.781181E7
2017-7,VTC,2.636426E7
2017-8,VTC,7.61861E7
2017-9,VTC,5.217388E7
2017-10,VTC,3.8144773E8
2017-11,VTC,4.8627444E8
2017-12,VTC,7.4447067E8
2018-1,VTC,2.8539944E8
2018-2,VTC,1.0599137E8
2018-3,VTC,5.040992E7
2018-4,VTC,9.075076E7
2018-5,VTC,5.118037E7
2018-6,VTC,3221400.0
2017-9,VTR,1834560.0
2017-10,VTR,1893170.0
2017-12,VTR,2283800.0
2018-1,VTR,4754080.0
2018-2,W3C,5.258143E7
2018-3,W3C,8.755345E7
2018-4,W3C,4904520.0
2018-3,WAN,3.184524E8
2018-4,WAN,6.5002396E8
2018-5,WAN,5.7622245E8
2018-6,WAN,1.249617E7
2016-6,WAVES,1771960.0
2017-3,WAVES,1056330.0
2017-5,WAVES,3.864249E7
2017-6,WAVES,9.870571E7
2017-7,WAVES,7.809591E7
2017-8,WAVES,1.7212975E8
2017-9,WAVES,1.7501598E8
2017-10,WAVES,2.3398218E8
2017-11,WAVES,5.8366469E8
2017-12,WAVES,1.9701002E9
2018-1,WAVES,1.4773035E9
2018-2,WAVES,7.93972E8
2018-3,WAVES,6.762671E8
2018-4,WAVES,9.144067E8
2018-5,WAVES,9.290417E8
2018-6,WAVES,5.24554E7
2017-11,WC,1307740.0
2017-12,WC,5975530.0
2018-1,WC,1.192718E7
2018-3,WC,1118450.0
2018-4,WC,2.502512E7
2018-5,WC,4114630.0
2014-2,WDC,1054470.0
2017-5,WDC,2415920.0
2017-6,WDC,7.464465E7
2017-7,WDC,2.9215E7
2017-8,WDC,1.974198E7
2017-9,WDC,4157020.0
2018-1,WICC,3.0873724E8
2018-2,WICC,5.5133856E8
2018-3,WICC,1.1515484E8
2018-4,WICC,3.684793E8
2018-5,WICC,6.8893248E8
2018-6,WICC,3.17933E7
2017-6,XAS,7.612707E7
2017-7,XAS,7.908284E7
2017-8,XAS,1.6470859E8
2017-9,XAS,1.323513E8
2017-11,XAS,3255600.0
2017-12,XAS,9.961512E7
2018-1,XAS,1.115772E8
2018-2,XAS,4.527375E7
2018-3,XAS,6.129535E7
2018-4,XAS,2.841848E7
2018-5,XAS,1.5961048E8
2018-6,XAS,1.638706E7
2017-3,XBC,2.761225E7
2017-4,XBC,2876280.0
2017-5,XBC,2646410.0
2017-6,XBC,6.06155E7
2017-7,XBC,1.774235E7
2017-8,XBC,1148960.0
2017-11,XBC,1.479146E7
2017-12,XBC,2291740.0
2018-4,XBC,1366030.0
2017-12,XBY,2.686049E7
2018-1,XBY,4.477474E7
2016-8,XCN,2320670.0
2017-6,XCN,1.2892009E8
2017-7,XCN,6.026339E7
2017-8,XCN,1.091478E7
2017-9,XCN,3262740.0
2018-1,XCN,1081350.0
2017-5,XCP,9745440.0
2017-6,XCP,1.890027E7
2017-8,XCP,7262630.0
2017-10,XCP,2630800.0
2017-11,XCP,1.016809E7
2017-12,XCP,3.699493E7
2018-1,XCP,2.1629562E8
2018-2,XCP,2.346487E7
2017-5,XDN,8467770.0
2017-6,XDN,8.568526E7
2017-7,XDN,7659770.0
2017-8,XDN,3.401587E7
2017-9,XDN,6.496363E7
2017-10,XDN,1.3238519E8
2017-11,XDN,1.2910652E8
2017-12,XDN,3.6129747E8
2018-1,XDN,9.6172473E8
2018-2,XDN,2.2592032E8
2018-3,XDN,1.1902162E8
2018-4,XDN,1.3662672E8
2018-5,XDN,1.171762E8
2018-6,XDN,4186840.0
2017-7,XEL,9644420.0
2017-8,XEL,4.261644E7
2017-9,XEL,3.633771E7
2017-10,XEL,2.644089E7
2017-11,XEL,1.23684E7
2017-12,XEL,1.0822732E8
2018-1,XEL,6.437053E7
2018-3,XEL,8717090.0
2018-4,XEL,1.133808E7
2018-5,XEL,2251270.0
2016-6,XEM,3.304297E7
2016-7,XEM,1.362102E7
2017-3,XEM,1.120958E7
2017-4,XEM,9.905156E7
2017-5,XEM,6.2524699E8
2017-6,XEM,3.5521021E8
2017-7,XEM,1.313988E8
2017-8,XEM,3.3067609E8
2017-9,XEM,1.660947E8
2017-10,XEM,1.4905246E8
2017-11,XEM,3.1996769E8
2017-12,XEM,2.8131145E9
2018-1,XEM,3.5284971E9
2018-2,XEM,1.436424E9
2018-3,XEM,2.0390182E9
2018-4,XEM,1.3207994E9
2018-5,XEM,6.1418761E8
2018-6,XEM,3.05331E7
2018-1,XGOX,1121170.0
2016-8,XHI,1126460.0
2018-4,XHV,1528290.0
2017-11,XIN,7365530.0
2014-12,XLM,3453700.0
2016-9,XLM,1211050.0
2016-12,XLM,5142540.0
2017-3,XLM,7436070.0
2017-4,XLM,5.793653E7
2017-5,XLM,1.74889471E9
2017-6,XLM,5.4714644E8
2017-7,XLM,3.2098569E8
2017-8,XLM,3.0178229E8
2017-9,XLM,1.1622304E8
2017-10,XLM,1.167477E9
2017-11,XLM,9.8413122E8
2017-12,XLM,5.7825751E9
2018-1,XLM,1.3079397E10
2018-2,XLM,4.113926E9
2018-3,XLM,1.6185308E9
2018-4,XLM,2.7351203E9
2018-5,XLM,1.6673647E9
2018-6,XLM,1.204521E8
2018-1,XLR,9347990.0
2018-4,XMC,8.1738E7
2018-5,XMC,3.820072E7
2018-6,XMC,1556980.0
2017-8,XMG,6332950.0
2017-10,XMG,1045760.0
2017-12,XMG,3.319194E7
2018-1,XMG,1.139272E7
2018-4,XMO,2.09183E7
2018-5,XMO,1113580.0
2016-2,XMR,1044850.0
2016-3,XMR,2382000.0
2016-4,XMR,1270300.0
2016-6,XMR,2663250.0
2016-7,XMR,1565910.0
2016-8,XMR,2.0034787E8
2016-9,XMR,3.7800749E8
2016-10,XMR,1.0521306E8
2016-11,XMR,1.3431734E8
2016-12,XMR,9.903352E7
2017-1,XMR,1.6644423E8
2017-2,XMR,9.26244E7
2017-3,XMR,3.5435774E8
2017-4,XMR,2.0851842E8
2017-5,XMR,6.7844402E8
2017-6,XMR,4.3892593E8
2017-7,XMR,4.1893801E8
2017-8,XMR,1.85585413E9
2017-9,XMR,2.0241653E9
2017-10,XMR,1.0300827E9
2017-11,XMR,2.50195E9
2017-12,XMR,6.735169E9
2018-1,XMR,5.4581338E9
2018-2,XMR,2.1539936E9
2018-3,XMR,2.4130821E9
2018-4,XMR,2.2309592E9
2018-5,XMR,1.4726649E9
2018-6,XMR,6.90588E7
2017-4,XMY,6624710.0
2017-6,XMY,1974940.0
2017-8,XMY,2993820.0
2017-12,XMY,3.034352E7
2018-1,XMY,6.231085E7
2017-12,XP,6.365393E7
2018-1,XP,2.5730098E8
2018-2,XP,1.499455E7
2018-5,XP,1.014997E7
2017-12,XPD,2729340.0
2014-1,XPM,3258190.0
2017-4,XPM,1970990.0
2017-5,XPM,1.866661E7
2017-6,XPM,6.137396E7
2017-7,XPM,1.206197E7
2017-8,XPM,1.791077E7
2017-9,XPM,4643780.0
2017-12,XPM,7131630.0
2018-1,XPM,7968060.0
2018-4,XPM,3.172389E7
2018-5,XPM,4.880737E7
2014-12,XPY,2956090.0
2014-4,XRP,1024970.0
2014-5,XRP,8041460.0
2014-9,XRP,1281960.0
2014-11,XRP,2.031917E7
2014-12,XRP,6.316813E7
2015-1,XRP,3.585114E7
2015-2,XRP,8935370.0
2015-3,XRP,2.393009E7
2015-4,XRP,2156040.0
2015-5,XRP,6610110.0
2015-6,XRP,6369480.0
2015-7,XRP,2368830.0
2015-11,XRP,3565780.0
2015-12,XRP,2.712092E7
2016-1,XRP,8877460.0
2016-2,XRP,1.144132E7
2016-3,XRP,1.336661E7
2016-4,XRP,1.020346E7
2016-5,XRP,1073760.0
2016-6,XRP,5.11272E7
2016-7,XRP,4182570.0
2016-8,XRP,1.755995E7
2016-9,XRP,8.704551E7
2016-10,XRP,9.046957E7
2016-11,XRP,5.711103E7
2016-12,XRP,5.373985E7
2017-1,XRP,2.981813E7
2017-2,XRP,1.095783E7
2017-3,XRP,2.2057342E8
2017-4,XRP,1.10964378E9
2017-5,XRP,5.7885133E9
2017-6,XRP,6.2647107E9
2017-7,XRP,3.7962328E9
2017-8,XRP,9.0216288E9
2017-9,XRP,3.6935708E9
2017-10,XRP,6.8105088E9
2017-11,XRP,7.0531532E9
2017-12,XRP,6.043314E10
2018-1,XRP,1.05603069E11
2018-2,XRP,3.6939665E10
2018-3,XRP,1.7449674E10
2018-4,XRP,2.2228505E10
2018-5,XRP,1.4500477E10
2018-6,XRP,5.78294E8
2018-1,XRY,1612130.0
2017-12,XSH,6829630.0
2018-1,XSH,1.231525E7
2017-12,XSPEC,7107100.0
2018-1,XSPEC,9023070.0
2018-1,XSTC,5795250.0
2017-10,XTZ,3642370.0
2017-12,XTZ,2.074161E7
2018-1,XTZ,5.712347E7
2018-2,XTZ,3.479662E7
2018-3,XTZ,3900460.0
2018-4,XTZ,6072590.0
2018-5,XTZ,2497670.0
2018-6,XTZ,1271660.0
2017-6,XVC,3684580.0
2017-7,XVC,1298290.0
2017-8,XVC,4701790.0
2017-9,XVC,2.690315E7
2017-10,XVC,9570060.0
2017-11,XVC,3.036739E7
2017-12,XVC,7255580.0
2018-1,XVC,8997120.0
2018-3,XVC,1020730.0
2017-5,XVG,1.78422E7
2017-6,XVG,1.0866E8
2017-7,XVG,3.853318E7
2017-8,XVG,8.192575E7
2017-9,XVG,1.4915129E8
2017-10,XVG,8.587752E7
2017-11,XVG,1.447975E8
2017-12,XVG,8.19724944E9
2018-1,XVG,6.994684E9
2018-2,XVG,1.2480057E9
2018-3,XVG,9.0932877E8
2018-4,XVG,6.1134479E9
2018-5,XVG,1.71087734E9
2018-6,XVG,2.100161E7
2017-6,XVP,1.60547E7
2014-4,XWC,1120680.0
2017-9,XWC,1.43554E7
2017-11,XWC,1627920.0
2017-12,XWC,4.901785E7
2018-1,XWC,4.747707E7
2018-4,XWC,1050300.0
2017-3,XZC,1.12897E7
2017-4,XZC,1.93253E7
2017-5,XZC,3.06314E7
2017-6,XZC,7.284345E7
2017-7,XZC,3529180.0
2017-8,XZC,2.21973E7
2017-9,XZC,6.789209E7
2017-10,XZC,2.930708E7
2017-11,XZC,1.6415518E8
2017-12,XZC,5.7932942E8
2018-1,XZC,3.1332969E8
2018-2,XZC,1.5761224E8
2018-3,XZC,5.191077E7
2018-4,XZC,5.741384E7
2018-5,XZC,4.957254E7
2018-6,XZC,1207490.0
2017-3,ZBC,3014040.0
2017-5,ZBC,1427670.0
2017-7,ZBC,2269810.0
2017-8,ZBC,1002730.0
2017-5,ZCL,2607190.0
2017-8,ZCL,3089460.0
2017-10,ZCL,9082650.0
2017-12,ZCL,3.6146435E8
2018-1,ZCL,7.1617158E8
2018-2,ZCL,5.8022129E8
2018-3,ZCL,1.5003844E8
2018-4,ZCL,2.2854346E8
2018-5,ZCL,7.302607E7
2018-6,ZCL,5337870.0
2016-10,ZEC,7875820.0
2016-11,ZEC,5.601107E7
2016-12,ZEC,2.068606E7
2017-1,ZEC,1.311228E7
2017-2,ZEC,9581430.0
2017-3,ZEC,1.4277298E8
2017-4,ZEC,1.671942E8
2017-5,ZEC,6.4081384E8
2017-6,ZEC,1.0597468E9
2017-7,ZEC,8.275305E8
2017-8,ZEC,8.229056E8
2017-9,ZEC,1.3013016E9
2017-10,ZEC,1.2437523E9
2017-11,ZEC,2.5421094E9
2017-12,ZEC,5.6979501E9
2018-1,ZEC,5.1229958E9
2018-2,ZEC,2.3128863E9
2018-3,ZEC,1.6576371E9
2018-4,ZEC,1.6888074E9
2018-5,ZEC,3.3242239E9
2018-6,ZEC,1.411823E8
2017-6,ZEN,9447010.0
2017-8,ZEN,1057820.0
2017-10,ZEN,1.0818702E8
2017-11,ZEN,6.522006E7
2017-12,ZEN,1.0271778E8
2018-1,ZEN,9.826215E7
2018-2,ZEN,2.436004E7
2018-3,ZEN,3.073288E7
2018-4,ZEN,2.988958E7
2018-5,ZEN,1.2555831E8
2018-6,ZEN,5494470.0
2017-12,ZER,1712340.0
2018-1,ZER,7045100.0
2014-4,ZET,1116060.0
2017-5,ZET,5639570.0
2017-6,ZET,2.708294E7
2017-7,ZET,1.009206E7
2017-8,ZET,9692040.0
2017-9,ZET,1404280.0
2017-12,ZNY,1.190386E7
2017-12,ZOI,1012930.0
2018-1,ZOI,1699780.0
2018-4,ZOI,1095390.0
