Symbol,week,total_trading_volume
LTC,53,1.689629E7
BTC,53,3.001304E8
SPHR,52,2.746305E7
BAY,52,9.457773E7
ARDR,52,2.3462E8
ETN,52,4.021245E7
ION,52,8771840.0
ETC,52,1.77814826E9
UNIT,52,2247120.0
BTCD,52,1289870.0
PKB,52,1286660.0
ETH,52,1.767044092E10
LMC,52,2.330564E7
PASC,52,5061640.0
GRS,52,3.496184E7
ATMC,52,6.010645E8
DMD,52,2294180.0
BTG,52,7.734584E8
STRAT,52,3.818112E8
$PAC,52,2356900.0
SPR,52,1.778478E7
ADA,52,1.5989273E9
EXCL,52,2.32235E7
AUR,52,7423480.0
DCR,52,2.844697E7
XWC,52,2.300223E7
ZEC,52,1.02271787E9
BCC,52,3.239029E8
DCT,52,6.645436E7
DYN,52,2.348978E7
COLX,52,1.222864E7
LBC,52,5.237061E7
XP,52,4.193238E7
EMB,52,5046070.0
EMC,52,2.12455E7
SBTC,52,6402730.0
VIA,52,3.100184E7
AEON,52,8004360.0
MIOTA,52,1.466857E9
ARK,52,1.206263E8
SMART,52,3139210.0
RISE,52,1.6604681E8
GXS,52,6.107939E7
NEBL,52,1.302097E7
LTC,52,8.27723841E9
BSD,52,3731390.0
BLOCK,52,6126570.0
NEOS,52,3.536532E7
GCR,52,5582550.0
RVR,52,2.501663E8
XLM,52,1.4324954E9
XSPEC,52,7107100.0
XAS,52,4.042893E7
USNBT,52,5.005851E7
DASH,52,1.38516294E9
KORE,52,8824270.0
BTS,52,4.533288E8
XBC,52,1133990.0
NLG,52,9871400.0
BCX,52,1.912381E7
REC,52,1440090.0
SBD,52,1.295481E7
PHR,52,1194360.0
SIB,52,1.069385E7
BCD,52,7.900071E7
RBY,52,2356480.0
START,52,3333210.0
UBQ,52,3.93694E7
BDL,52,2186620.0
PPC,52,1.692944E7
MEME,52,2.107418E7
OMNI,52,1.939051E7
SYNX,52,1.627006E7
XMY,52,1.103658E7
ECA,52,5069300.0
LINDA,52,1258260.0
INFX,52,1024710.0
SHIFT,52,4.84833E7
XCP,52,7953700.0
DGB,52,4.234693E8
NANO,52,2.201708E8
NXT,52,2.135322E9
BLITZ,52,5096000.0
MUE,52,3.609869E7
BYC,52,5337530.0
EBST,52,5565140.0
XTZ,52,2433070.0
ACT,52,7782090.0
CLOAK,52,3.197043E7
OK,52,4.436806E7
RADS,52,3.90112E7
XMG,52,3.319194E7
XZC,52,2.582727E8
VRC,52,2.165517E7
SEND,52,1279250.0
EDR,52,1597310.0
GAME,52,5.678475E7
HBC,52,1.225882E7
GRC,52,6977700.0
XBY,52,9657680.0
XDN,52,1.0659748E8
XPY,52,1249460.0
SLS,52,3.811619E7
BCH,52,1.256562E10
MUSIC,52,2.24847E7
NEO,52,1.202376E9
HUSH,52,2584840.0
BTX,52,2.54416E7
SC,52,4.35707E8
WAVES,52,3.978801E8
ATB,52,2.40169E7
BCN,52,9.189354E7
BTC,52,9.036606484E10
TX,52,4036000.0
XRP,52,2.763814125E10
XVG,52,3.663201E9
DOGE,52,5.981696E8
GBYTE,52,1.790751E7
BITB,52,2.412409E7
CLAM,52,4890510.0
PINK,52,2755590.0
PIVX,52,5.883678E7
SUMO,52,3834080.0
ZEN,52,3.553351E7
PART,52,1.647278E7
SKY,52,9965720.0
XEM,52,5.430468E8
XVC,52,1417610.0
VTC,52,8.878777E7
KMD,52,1.222719E8
POT,52,8.848602E7
QTUM,52,5.777712E9
EXP,52,4.04652E7
THC,52,5.905597E7
CANN,52,8.863629E7
FCT,52,1.9180506E8
XMR,52,1.15713637E9
RDD,52,4.01329E8
ABY,52,5678690.0
CURE,52,1176050.0
B2X,52,3.891131E7
NAV,52,1.2806184E8
DOPE,52,3.365802E7
BLK,52,8.241686E7
ZOI,52,1012930.0
CPC,52,3.396315E7
LUX,52,6417620.0
XPM,52,7131630.0
CLUB,52,8043770.0
ETP,52,5.691164E7
FRGC,52,8893350.0
MAGE,52,5933540.0
NXS,52,9158190.0
SAGA,52,3159820.0
SYS,52,1.7975392E8
ONION,52,5391380.0
IOP,52,2.578857E7
LSK,52,6.152498E8
XEL,52,2.575061E7
STEEM,52,4.668237E7
NMC,52,3312570.0
SLR,52,4814790.0
ZCL,52,3.3270008E8
ZER,52,1712340.0
HSR,52,1.693364E9
MONA,52,7.096884E7
UNB,52,9.181059E7
EMC2,52,6.495303E7
XSH,52,1540050.0
BURST,52,7.406934E7
FTC,52,1.167733E7
FLO,52,5024360.0
BT2,52,1.343729E7
LMC,51,1.868963E7
XP,51,5490210.0
BCN,51,1.110792E8
ARK,51,1.375094E8
GBYTE,51,3.053493E7
OK,51,4.716529E7
NANO,51,5.787765E7
SC,51,4.500123E8
GAME,51,7.464985E7
IOP,51,3.266183E7
NMC,51,8947390.0
FTC,51,5821780.0
HSR,51,1.22785E9
BTCD,51,9221350.0
DCT,51,2.37791E7
USNBT,51,4.735478E7
BTS,51,6.26916E8
CLUB,51,1.402616E7
XWC,51,1.951923E7
KORE,51,1.385473E7
POT,51,4.365925E7
FRGC,51,1.27412E7
DASH,51,2.96091325E9
MAGE,51,2153080.0
ETH,51,2.471726952E10
XCP,51,1.182262E7
QTUM,51,9.201638E9
ATB,51,2.72427E7
ACT,51,2.165846E7
VIA,51,1.679568E7
NLG,51,7717850.0
XVG,51,3.460483E9
XEM,51,9.532615E8
ARDR,51,2.150604E8
ZEC,51,1.95602766E9
AEON,51,1089080.0
BCD,51,8.598167E7
EXCL,51,1.541262E7
PINK,51,9565560.0
THC,51,6.966248E7
XMR,51,2.06587323E9
EMC,51,9393580.0
BLITZ,51,9916810.0
DYN,51,9940520.0
GXS,51,9.100704E7
BCC,51,1.419767E8
SIB,51,2.187328E7
SYS,51,1.260928E8
B2X,51,1.366676E7
VRC,51,1.534394E7
SYNX,51,1.867945E7
UBTC,51,1166490.0
WC,51,3588820.0
BTC,51,1.190814938E11
ETN,51,1.034237E8
XBY,51,7289280.0
TX,51,8885240.0
SHIFT,51,1.643794E7
DOGE,51,5.8867288E8
PTC,51,1006880.0
RBY,51,1460050.0
CRW,51,1316960.0
XSH,51,5289580.0
START,51,1771400.0
NEO,51,1.863135E9
BAY,51,2.228006E8
DGB,51,7.048695E8
FIL,51,1938240.0
RVR,51,8.643712E7
CMPCO,51,1499980.0
GCR,51,7921380.0
GBG,51,7063420.0
UBQ,51,4.433299E7
WAVES,51,6.091025E8
NXS,51,1.928075E7
SBD,51,3.755584E7
HWC,51,3752430.0
XEL,51,2.375621E7
BTX,51,1.863829E7
FLO,51,1.635467E7
XZC,51,1.3865016E8
DOPE,51,1.676107E7
BRK,51,1569000.0
SBTC,51,1.082754E7
XDN,51,1.128289E8
ETC,51,5.2858729E9
XVC,51,2687180.0
STRAT,51,6.553068E8
NAV,51,1.0068301E8
MIOTA,51,3.952727E9
EBST,51,3813250.0
MONA,51,1.3355534E8
PPC,51,3.881362E7
RISE,51,5.046485E7
ADA,51,1.1861543E9
GRS,51,8.472338E7
RADS,51,1.831953E7
UNB,51,6.451877E7
ATMC,51,3.839529E8
BLOCK,51,1340180.0
XAS,51,4.953881E7
EMC2,51,5.142767E8
BCH,51,3.043916E10
BTG,51,2.738496E9
REC,51,7995350.0
XRP,51,1.437843574E10
EXP,51,2.74778E7
LSK,51,9.027142E8
MUE,51,7934890.0
SLS,51,5.75973E7
BT2,51,1.221094E7
KMD,51,2.411946E8
ZCL,51,8765950.0
NXT,51,2.315421E9
CLAM,51,1.376294E7
ION,51,3027970.0
NEBL,51,1.333017E7
STEEM,51,1.081778E8
TRUST,51,1082320.0
XLM,51,1.2840973E9
FAIR,51,1188120.0
MUSIC,51,1.378036E7
BLK,51,2.491346E7
2GIVE,51,3693050.0
BURST,51,1.4676078E8
CANN,51,5622660.0
OMNI,51,6420640.0
ABY,51,6405880.0
ICOB,51,1086820.0
LTC,51,1.32927946E10
ZEN,51,2.771734E7
RDD,51,6.6448619E8
UNIT,51,1.150128E7
BITB,51,4.688108E7
SPHR,51,1.04557E7
GLD,51,3815910.0
BCX,51,4.566541E7
MEME,51,2.556819E7
GRC,51,4381370.0
NEOS,51,1719910.0
XMY,51,1.930694E7
XTZ,51,1.527269E7
PIVX,51,7.785423E7
CLOAK,51,1.436964E7
PART,51,1.673809E7
LBC,51,7.39733E7
BSD,51,5142740.0
FCT,51,1.655434E8
ETP,51,1.1573303E8
VTC,51,1.790889E8
DCR,51,4.383977E7
PHR,51,1447320.0
NXS,50,2.344729E7
XVG,50,1.02374736E9
MUE,50,1.129711E7
BSD,50,9598900.0
ETN,50,9.17414E7
FIL,50,2137330.0
BAY,50,6.335678E7
LTC,50,2.105588297E10
NMC,50,4588780.0
OK,50,3.680476E7
VTC,50,1.481541E8
XMR,50,1.54918947E9
BTC,50,9.51201291E10
XRP,50,1.620212578E10
MONA,50,1.2095774E8
RVR,50,1.857179E8
STRAT,50,3.368088E8
VRC,50,5.548503E7
BURST,50,1.840038E7
AEON,50,1256090.0
BCX,50,5.03157E7
SC,50,1.3852226E8
WC,50,2386710.0
HWC,50,3618310.0
VIA,50,1.063118E7
ACT,50,1.123448E7
BRK,50,8545350.0
FRGC,50,1.193659E7
UNB,50,1.858658E7
DOPE,50,1695600.0
EBST,50,1.259922E7
XWC,50,1141430.0
XBY,50,9913530.0
LSK,50,4.256159E8
FLO,50,5540930.0
MIOTA,50,3.223578E9
PIVX,50,3.821062E7
NXT,50,6.753348E8
BCH,50,9.720717E9
PPC,50,3.489122E7
SBD,50,1.356985E7
CLOAK,50,1736470.0
GXS,50,8.305206E7
ZEN,50,1.650028E7
FAIR,50,2878780.0
NANO,50,4.075155E7
OMNI,50,1024200.0
FTC,50,4135140.0
XAS,50,9647380.0
ZEC,50,1.671067E9
BRX,50,1725520.0
DGB,50,2.8412115E8
FCT,50,1.325547E8
KMD,50,7.697776E7
ETP,50,7.874656E7
GOLOS,50,3161280.0
ADA,50,1.8869587E9
DASH,50,1.94062961E9
FRST,50,2982370.0
REC,50,1.465549E7
GAME,50,4.059568E7
BCD,50,7.481975E7
ATMC,50,2.538977E8
PART,50,2797530.0
ZCL,50,1.999832E7
RISE,50,6.509092E7
EMC2,50,3.776412E8
BTX,50,2.125363E7
POT,50,5.832814E7
THC,50,1.831102E7
BLITZ,50,1224800.0
CLAM,50,2080600.0
IOP,50,5.191434E7
BLK,50,8585280.0
NEO,50,1.6873538E9
BTM,50,2572170.0
BCC,50,1.89576E8
ABY,50,1091380.0
PHR,50,3985510.0
SHIFT,50,4499790.0
DCR,50,3.451844E7
ION,50,6766900.0
XEM,50,5.73468E8
XBC,50,1157750.0
BYC,50,2322850.0
LBC,50,3.458923E7
RADS,50,1.110443E7
BT2,50,1583560.0
BTG,50,1.593935E9
ETC,50,4.68082702E9
BITB,50,2229680.0
ZNY,50,1033580.0
SPHR,50,1195920.0
PASC,50,2131760.0
SPR,50,2243260.0
DYN,50,1030830.0
USNBT,50,1.565568E7
XTZ,50,3035850.0
XCP,50,7353090.0
BCN,50,5.839822E7
MEME,50,2.3333452E8
UBQ,50,2.619029E7
UNIT,50,7538460.0
GCR,50,2.908451E7
MUSIC,50,5363090.0
TX,50,5206290.0
GRS,50,3.175471E7
ATB,50,2.752914E7
XDN,50,7.946973E7
DCT,50,9068770.0
CLUB,50,1.084625E7
XEL,50,5.241929E7
ARK,50,9.476758E7
QTUM,50,3.639517E9
SEQ,50,1458690.0
WAVES,50,5.380307E8
AUR,50,1027560.0
STEEM,50,3.553569E7
ETH,50,2.242425504E10
GBYTE,50,5.135405E7
EFL,50,1529690.0
LMC,50,3098270.0
SBTC,50,1.671831E7
DOGE,50,3.3563684E8
NEOS,50,5303840.0
XLM,50,1.56115639E9
NAV,50,6.601846E7
IOC,50,4006750.0
EXP,50,1.133167E7
HSR,50,5.029637E8
SYS,50,6.164764E7
RDD,50,3.871215E7
XZC,50,9.130084E7
ARDR,50,1.2966284E8
BTS,50,3.933887E8
KORE,50,5238190.0
XP,50,1.623134E7
GCR,49,5.593115E7
TX,49,1.593502E7
SC,49,1.4751854E8
EXCL,49,4219130.0
VIA,49,1.437053E7
DOPE,49,8905210.0
ATMC,49,9.10917E7
CRDNC,49,4074180.0
BCN,49,4.53953E7
SBD,49,1.952098E7
STEEM,49,6.949484E7
CLAM,49,4891700.0
XCP,49,8758180.0
ZEC,49,8.3857732E8
DOGE,49,6.386388E7
BITB,49,1018810.0
SLR,49,2793850.0
GRC,49,3606310.0
MEME,49,1.360233E7
PPC,49,1.926612E7
USNBT,49,4412550.0
BTG,49,9.62556E8
LMC,49,8646360.0
ETN,49,3.357153E7
GRS,49,6.415962E7
EXP,49,2271040.0
SLS,49,7717170.0
BTS,49,1.663005E8
RDD,49,9088660.0
STRAT,49,4.423348E8
XRP,49,1.91608971E9
UBQ,49,1.089243E7
MUSIC,49,1103960.0
LTC,49,6.94942663E9
FCT,49,6.602754E7
XVC,49,1341720.0
KORE,49,4148850.0
NEOS,49,1021450.0
SHIFT,49,1287930.0
ATB,49,2.147566E7
GBYTE,49,8550810.0
KMD,49,7.69085E7
VRC,49,2648790.0
BCC,49,1.844158E8
QTUM,49,1.030099E9
BTC,49,9.319178787E10
MIOTA,49,8.099568E9
VTR,49,2283800.0
AUR,49,6407380.0
NAV,49,5.616773E7
THC,49,4.985361E7
RVR,49,1.0837231E8
WAVES,49,3.356344E8
XWC,49,3114620.0
BTX,49,1.775058E7
CLOAK,49,5747360.0
MONA,49,3.81483E8
EDR,49,1172920.0
EMC2,49,1.1361291E9
ETP,49,3.452032E7
XMR,49,1.7869555E9
FRGC,49,1.677209E7
RIC,49,6837310.0
BCD,49,6.206704E7
DYN,49,4350870.0
LSK,49,3.147064E8
ARK,49,9.290226E7
ZNY,49,1.087028E7
ACT,49,8438180.0
NANO,49,1.411991E7
OMNI,49,2685300.0
PART,49,1.600139E7
NEO,49,7.967949E8
XPD,49,2729340.0
BSD,49,1198160.0
LBC,49,1.334769E7
OK,49,7.074766E7
XLM,49,1.27274735E9
SIB,49,1.011713E7
GXS,49,5.284538E7
IOP,49,6.736599E7
RISE,49,6.008022E7
XEM,49,6.633297E8
NXS,49,1.795415E7
XEL,49,6301210.0
ETC,49,3.0976337E9
NMC,49,7961590.0
FTC,49,1.274777E7
EGC,49,1.330438E7
ADA,49,4.532648E8
PIVX,49,2.553124E7
ETH,49,1.222736817E10
RADS,49,6941630.0
SPHR,49,1.653594E7
BAY,49,3.056679E7
BLOCK,49,2044290.0
BCH,49,8.75274E9
DASH,49,1.54405619E9
SPR,49,1665670.0
POT,49,3.932427E7
XDN,49,4.76776E7
CANN,49,4517040.0
DCT,49,9560150.0
XZC,49,7.460783E7
CLUB,49,1.972214E7
ION,49,1263800.0
BURST,49,8888890.0
UNB,49,1.894927E7
FRST,49,9547160.0
VTC,49,2.363352E8
ARDR,49,6.339189E7
ZEN,49,1.877909E7
GAME,49,3.418692E7
LUX,49,3857270.0
MUE,49,2.19732E7
SYS,49,8.459343E7
PURA,49,2920670.0
NXT,49,9.850699E8
REC,49,1.770269E7
START,49,3701280.0
DGB,49,9.028831E7
SYNX,49,6352770.0
XVG,49,4.003707E7
RBY,49,2272090.0
DCR,49,2.918391E7
BLK,49,5850420.0
HSR,49,3.900441E8
LEO,49,7328220.0
UNIT,49,1862650.0
2GIVE,48,3132850.0
FRGC,48,1.032939E7
KMD,48,4.608427E7
SLS,48,2078640.0
OK,48,3.237592E7
POT,48,2.999958E7
REC,48,2.503678E7
BCD,48,9.20732E7
XVC,48,1809070.0
PIVX,48,5.086998E7
HSR,48,4.212835E8
SHIFT,48,2107730.0
VTC,48,1.3260638E8
DOPE,48,1.08025E7
PINK,48,1153800.0
NXS,48,3866270.0
VIA,48,5456160.0
MONA,48,2.04472E8
QTUM,48,9.613617E8
DOGE,48,4.652422E7
SYS,48,6.081576E7
ETN,48,8034570.0
IOP,48,4.763114E7
BCN,48,2.819359E7
LTC,48,3.46764819E9
RISE,48,1.382668E7
SYNX,48,1254000.0
GXS,48,7.391021E7
WAVES,48,1.972296E8
GAME,48,1.569181E7
XEM,48,1.782489E8
LEO,48,8130000.0
BCC,48,1.610209E8
NEO,48,5.976461E8
XCP,48,7624130.0
MEME,48,3.589585E7
ATMC,48,5.149752E7
CANN,48,8017200.0
XRP,48,2.19356691E9
SLR,48,1032270.0
NAV,48,1.978993E7
ADA,48,8.299144E8
GBG,48,3601560.0
GBYTE,48,1614480.0
STRAT,48,1.760934E8
SC,48,5.483272E7
RDD,48,1059710.0
ETP,48,5.476808E7
EXCL,48,1.386925E7
ENRG,48,1406860.0
DASH,48,1.86744823E9
DGB,48,3.719945E7
SBD,48,8994870.0
ETH,48,1.058274592E10
LBC,48,1.078019E7
ION,48,1158500.0
ARDR,48,4.477904E7
RIC,48,9724230.0
BAY,48,3.470915E7
CLUB,48,2.501966E7
ACT,48,2697060.0
EAG,48,1003800.0
THC,48,3.4375E7
BLK,48,1608660.0
FLO,48,1679510.0
LSK,48,1.800253E8
BTX,48,2.663136E7
GCR,48,1.682273E7
LMC,48,8270800.0
FRST,48,4325380.0
ZEC,48,7.0339764E8
TX,48,9322810.0
DCT,48,3999430.0
XMR,48,8.6205746E8
ETC,48,6.10882164E9
XWC,48,2240340.0
XDN,48,3.6286E7
XZC,48,5.923448E7
PART,48,1123630.0
NMC,48,3785280.0
KORE,48,4653720.0
SIB,48,3156810.0
MNX,48,1259840.0
MIOTA,48,1.772374E9
XEL,48,4869900.0
RVR,48,7.702907E7
BT2,48,1195230.0
ZEN,48,1.119458E7
BTS,48,1.784406E8
DYN,48,1150680.0
BTC,48,5.143245957E10
EMC2,48,3.429849E8
ATB,48,1.741692E7
XVG,48,2.464075E7
ARK,48,6.544115E7
BTG,48,1.1094467E9
RADS,48,1.403912E7
UBQ,48,3751120.0
FCT,48,4.043405E7
XLM,48,7.277858E8
BCH,48,9.239721E9
GRS,48,4.096874E7
GB,48,1071620.0
PPC,48,3.514181E7
STEEM,48,2.303763E7
PTC,48,1137880.0
FTC,48,7632290.0
NXT,48,4.716432E8
DCR,48,5.023283E7
BRX,47,1600370.0
NEO,47,7.84224E8
SLR,47,1924570.0
DASH,47,1.42516074E9
XRP,47,1.41063525E9
ARDR,47,2.1053E7
OK,47,3.449425E7
SC,47,1.942582E7
SYNX,47,5537190.0
EDR,47,1.88921E7
MIOTA,47,5.755941E8
BCC,47,1.462998E8
REC,47,2.474072E7
XAS,47,3255600.0
XDN,47,3.182108E7
DCR,47,3.975021E7
RBY,47,1639020.0
FRGC,47,1.517917E7
STEEM,47,2.892013E7
CLAM,47,1040960.0
POT,47,4.684724E7
GRS,47,3.661364E7
STRAT,47,9.281063E7
BAY,47,2.293712E7
BCH,47,1.3484672E10
BT2,47,1782060.0
CLUB,47,5.993504E7
DCT,47,3482020.0
DGB,47,2.495795E7
BTG,47,1.6174599E9
PIVX,47,7478510.0
WC,47,1307740.0
XZC,47,7.77629E7
RIC,47,3130290.0
B2X,47,1650470.0
WAVES,47,1.618869E8
BLK,47,7874050.0
UBQ,47,1009330.0
LSK,47,3.116341E8
XVG,47,2.089941E7
CANN,47,1103520.0
MUE,47,3672240.0
RVR,47,2.395536E7
ZEC,47,7.491342E8
LBC,47,1221540.0
NAV,47,1.703646E7
SYS,47,7.520805E7
DOGE,47,7.284454E7
GBYTE,47,3720880.0
TRUST,47,5406750.0
ZEN,47,1.569045E7
RDD,47,1314890.0
PPC,47,1078410.0
HSR,47,3.008382E8
ARK,47,3.670677E7
BTX,47,4.224567E7
FTC,47,1.942712E7
SHIFT,47,9651020.0
PKB,47,3972300.0
BCD,47,9.01611E7
FCT,47,3.478959E7
XLM,47,1.1106117E8
EMC2,47,2.0522238E8
XEM,47,6.979079E7
FRST,47,3296230.0
NVC,47,1060810.0
ETC,47,1.85423154E9
ATMC,47,1.924186E7
KORE,47,1029410.0
ATB,47,1.627275E7
IOP,47,2431730.0
NXT,47,1.529611E8
LTC,47,2.07317565E9
THS,47,1115350.0
NXS,47,2.123806E7
RISE,47,6103190.0
XMR,47,6.5406265E8
ETP,47,5.193783E7
GXS,47,6.319561E7
BTS,47,8.657468E7
BTC,47,3.1500314E10
LEO,47,2041580.0
ADA,47,7.426588E7
KMD,47,3.543823E7
SBD,47,3.083167E7
XCP,47,1464560.0
GAME,47,1.401739E7
ADK,47,1305050.0
QTUM,47,9.400563E8
XEL,47,1126690.0
MONA,47,7.434147E7
VTC,47,9.3907E7
BCN,47,2.637246E7
ETH,47,9.37290453E9
SYS,46,1.740712E7
PPC,46,1693130.0
REC,46,1.90346E7
ZEC,46,6.0867595E8
BAY,46,2.928391E7
HSR,46,2.306978E8
SAK,46,4076630.0
STEEM,46,5096010.0
XBC,46,6870270.0
ARDR,46,3582090.0
DCT,46,2477900.0
PASC,46,6400920.0
FRGC,46,1.397654E7
KMD,46,2.15789E7
BCC,46,1.587576E8
BCN,46,1.735093E7
CLAM,46,1187190.0
GXS,46,1.776505E7
B2X,46,2400190.0
XRP,46,2.13330674E9
THS,46,1353060.0
GRS,46,4.208344E7
NXT,46,2.534072E7
NAV,46,7173320.0
BT2,46,6663990.0
GBYTE,46,2821910.0
LBC,46,2242800.0
FCT,46,3.920358E7
BITB,46,4991730.0
OK,46,6.41416E7
SLR,46,3516020.0
XZC,46,2.814051E7
WAVES,46,1.474734E8
ETP,46,3.734532E7
ADA,46,3.043413E7
BSD,46,1511510.0
XMR,46,4.7897869E8
RDD,46,6431880.0
XDN,46,2.939491E7
CLUB,46,4184280.0
BTC,46,3.16828593E10
LSK,46,3.711748E8
XLM,46,1.1531925E8
LTC,46,1.87860093E9
XVG,46,1.790145E7
FTC,46,4026270.0
PIVX,46,1108260.0
NEOS,46,2474430.0
DCR,46,3898100.0
VRC,46,1002590.0
BTS,46,3.61587E7
STRAT,46,6.152693E7
MONA,46,2.633959E7
IOP,46,1874710.0
SC,46,1.232379E7
DASH,46,9.606856E8
BTX,46,5.610908E7
EMC2,46,4.231344E7
BLK,46,3731380.0
DGB,46,1.809925E7
KB3,46,1033970.0
ETN,46,1453060.0
SUPER,46,1092720.0
DOGE,46,1.727226E7
QTUM,46,7.944919E8
ETC,46,1.553934E9
GAME,46,1.731651E7
EXP,46,3804290.0
AEON,46,2807520.0
XEM,46,6.222532E7
FRST,46,5149510.0
XWC,46,1627920.0
VTC,46,6.996065E7
XVC,46,2562860.0
BTG,46,2.123816E8
ETH,46,6.13554098E9
BCH,46,1.744806E10
ZEN,46,4900050.0
MIOTA,46,5.124962E8
NEO,46,1.1274311E9
POT,46,1307370.0
ARK,46,4.043801E7
ATB,46,4838750.0
ADA,45,5.179315E7
XRP,45,1.06836974E9
XLM,45,1.836694E8
BTG,45,3.5750501E8
ETN,45,2564280.0
LEO,45,3539970.0
SAK,45,9952240.0
SIC,45,8108350.0
RISE,45,3907670.0
LSK,45,1.3214371E8
XEM,45,6.037896E7
BTS,45,3.365045E7
XVG,45,5.51762E7
LBC,45,7086630.0
XDN,45,2.557164E7
B2X,45,4220210.0
EFL,45,3675020.0
GRS,45,5.82498E7
ETH,45,6.38686031E9
XVC,45,9575310.0
ARDR,45,7291200.0
QTUM,45,9.13506E8
ZEC,45,5.3018354E8
FCT,45,5.279539E7
XEL,45,2414700.0
KMD,45,3.818799E7
ETP,45,5.566785E7
STEEM,45,8656650.0
XZC,45,9630020.0
EDR,45,2043730.0
GAME,45,9474680.0
BT2,45,1.394279E7
ERC,45,1242630.0
EMC2,45,5482750.0
THC,45,2318080.0
PIVX,45,5409640.0
LTC,45,2.16095604E9
POT,45,5.403283E7
ZEN,45,1.20353E7
XMR,45,7.3331523E8
DOGE,45,2.380367E7
MEME,45,7057890.0
FTC,45,1125680.0
REC,45,2.209512E7
FRGC,45,1.019815E7
BCN,45,1.865399E7
XBC,45,7921190.0
XCP,45,2186740.0
DASH,45,1.05225409E9
SC,45,2.174406E7
WAVES,45,1.041355E8
VIA,45,5055620.0
MIOTA,45,2.750592E8
BLOCK,45,2638700.0
DGB,45,3.103002E7
PPC,45,1075320.0
OMNI,45,4201110.0
NAV,45,7241660.0
PKB,45,9704270.0
VTC,45,1.2507901E8
THS,45,2118230.0
IOP,45,1249180.0
MONA,45,2.808828E7
FRST,45,8507930.0
GXS,45,1.373021E7
ETC,45,2.83548659E9
ARK,45,4.376542E7
KB3,45,3301850.0
HSR,45,1.192352E8
RDD,45,1177340.0
XIN,45,7365530.0
DCR,45,7216100.0
BYC,45,1937700.0
OK,45,2.190891E7
HIGH,45,1031670.0
CURE,45,2030340.0
NEO,45,4.344768E8
SLR,45,4942250.0
VRC,45,1771610.0
STRAT,45,6.337858E7
BCH,45,2.1424015E10
BTX,45,5509880.0
NXT,45,3.062089E7
BTC,45,3.396670317E10
SYS,45,1.478294E7
BCC,45,1.375266E8
EMC,45,1175480.0
HSR,44,1.356376E8
NXT,44,1.926399E7
EMC2,44,5174310.0
XZC,44,9262510.0
LEO,44,4854910.0
GRS,44,2.463685E8
STRAT,44,8.264399E7
XEM,44,3.889337E7
RISE,44,3.652213E7
XDN,44,2.756849E7
GXS,44,1.19398E7
SIC,44,1237900.0
BTS,44,3.528464E7
CLUB,44,1.452953E7
SC,44,7998460.0
FRGC,44,1.398001E7
XLM,44,1.180746E8
BCH,44,7.584106E9
DCR,44,2308800.0
POT,44,1252210.0
VRC,44,3.211102E7
BTBc,44,1.12498E7
PPC,44,1061490.0
ZEN,44,2.927343E7
RVR,44,6323420.0
STEEM,44,3945270.0
BTC,44,2.10052413E10
XVC,44,2.022778E7
NEO,44,3.141373E8
BRX,44,1006530.0
VIA,44,1.602777E7
RDD,44,1526460.0
SLR,44,1286990.0
SNRG,44,1667620.0
THS,44,2428840.0
CLAM,44,3832870.0
CURE,44,1.26588E7
VTC,44,2.096573E8
XVG,44,5.232251E7
ZEC,44,3.3046687E8
INFX,44,1055910.0
XMR,44,2.4682051E8
KORE,44,1588980.0
GBYTE,44,2261070.0
WAVES,44,8.081102E7
SYNX,44,6466740.0
NAV,44,1.656787E7
FTC,44,2.680517E7
KMD,44,1.95107E7
MONA,44,1.665481E7
FCT,44,4.196782E7
ETH,44,3.6546489E9
REC,44,2.66048E7
BTG,44,8.665302E7
LTC,44,9.6009138E8
PIVX,44,6939950.0
EXP,44,3637770.0
IOP,44,2795430.0
ADA,44,3.449278E7
LSK,44,6.446154E7
XEL,44,1.292848E7
VRM,44,2507560.0
BT2,44,8501850.0
OK,44,6.771998E7
TX,44,9290970.0
ETC,44,7.5355513E8
ETN,44,3763490.0
ARK,44,2.367083E7
DGB,44,1.646565E7
QTUM,44,2.85966E8
BCN,44,1.81118E7
SBD,44,1642420.0
SYS,44,2.612188E7
DASH,44,3.754448E8
2GIVE,44,1279830.0
BCC,44,1.96102E8
SPR,44,3397650.0
B2X,44,2528720.0
MIOTA,44,8.279775E7
GAME,44,4950700.0
RBY,44,1134950.0
SAK,44,9568300.0
XRP,44,8.5072744E8
ARDR,44,3724190.0
FRST,44,1.28062E7
NVC,44,1157760.0
DOGE,44,3.951578E7
DBIX,44,2097390.0
ETP,44,5.280641E7
ATB,44,5167660.0
BTS,43,1.57181E7
LTC,43,9.1706468E8
DOGE,43,3.570291E7
SAK,43,7106860.0
ZEC,43,3.90199E8
XRP,43,5.7340047E8
XVG,43,1.837121E7
VTC,43,1.85494E8
FRGC,43,8486770.0
ETP,43,6.752705E7
GXS,43,1.279922E7
POT,43,5795450.0
FCT,43,2.628885E7
IOP,43,3696370.0
DCR,43,6798380.0
XMG,43,1045760.0
DGB,43,1.654238E7
FTC,43,1.363699E7
FLO,43,1386330.0
NXS,43,1438490.0
STRAT,43,1.3483645E8
DASH,43,3.7529046E8
SC,43,7910610.0
REC,43,4.562636E7
B2X,43,8153750.0
BITB,43,1374480.0
ARDR,43,1292760.0
MONA,43,2.774624E7
BTG,43,8.370002E7
EMC2,43,9205750.0
HSR,43,1.0179582E8
GRS,43,4.77112E7
SLS,43,7164290.0
XEL,43,1.49382E7
SEQ,43,1404610.0
ETH,43,2.94154469E9
QTUM,43,3.350861E8
XLM,43,2.2324977E8
VIA,43,1.305836E7
GAME,43,1.748182E7
ARK,43,1.185541E7
ATB,43,5289390.0
BCN,43,2.354914E7
FRST,43,1.540772E7
STEEM,43,1412570.0
RDD,43,2.175249E7
XZC,43,9699190.0
BTC,43,1.59711992E10
OK,43,3191690.0
ZEN,43,2.49725E7
TX,43,1088940.0
BCH,43,4.131368E9
SPR,43,1070490.0
XEM,43,3.652407E7
AKY,43,1527160.0
XVC,43,7571500.0
ADA,43,2.510283E7
SHIFT,43,1284240.0
MIOTA,43,1.1869651E8
XCP,43,1007700.0
BCC,43,9.46625E7
XMR,43,2.6947228E8
ETC,43,2.4557631E8
SYS,43,2.461854E7
KMD,43,1.036754E7
OMNI,43,1669920.0
XDN,43,4.834075E7
NXT,43,2.241387E7
EDR,43,1058270.0
ION,43,5106360.0
LMC,43,1707150.0
NAV,43,6459250.0
WAVES,43,5.804536E7
RBY,43,1511410.0
NEO,43,2.619504E8
LSK,43,6.877288E7
ADK,43,1197460.0
RBY,42,7806680.0
FRGC,42,5043240.0
XCP,42,1623100.0
B2X,42,5095940.0
LTC,42,1.29649334E9
RADS,42,1245310.0
LMC,42,1552210.0
OK,42,2970000.0
UBQ,42,2403320.0
CLAM,42,8203720.0
WAVES,42,5.60393E7
ADA,42,3.546097E7
PPC,42,1119200.0
ZEN,42,7.85012E7
PKB,42,9049710.0
SLR,42,5606560.0
VTC,42,1.1854653E8
HSR,42,1.0053564E8
XZC,42,1.054203E7
BRK,42,1279640.0
STRAT,42,5.788179E7
NEBL,42,1980250.0
VIA,42,3520300.0
EXP,42,1457400.0
EMC2,42,1.106572E7
ETC,42,2.5988815E8
ARDR,42,7823260.0
NLG,42,1200460.0
KMD,42,5412620.0
FCT,42,1.379771E7
MONA,42,3.260951E7
DASH,42,2.9493397E8
ZEC,42,2.348044E8
FLO,42,2517580.0
DOGE,42,2.743528E7
BSR,42,1501800.0
ZCL,42,7760290.0
BTS,42,3.554758E7
FRST,42,1.060471E7
QTUM,42,5.921297E8
SC,42,1.280211E7
GXS,42,1.148225E7
EGC,42,1141620.0
TX,42,1.020699E7
ETH,42,3.353198E9
BCN,42,1.039744E7
MIOTA,42,9.261824E7
BCC,42,9.137482E7
REC,42,2.918418E7
DGB,42,3.751772E7
LSK,42,7.536222E7
ATB,42,4716420.0
UNO,42,3.283267E7
XRP,42,2.42977979E9
EDR,42,3859770.0
NXT,42,2.812128E7
XDN,42,3.230055E7
BTC,42,1.540125177E10
GAME,42,4221910.0
STEEM,42,7836150.0
NAV,42,3.611093E7
SYS,42,1.448185E7
XEM,42,3.976267E7
XMR,42,2.5334023E8
ARK,42,1.311821E7
NEO,42,2.96161E8
BCH,42,2.444407E9
ENRG,42,1392200.0
ETHD,42,1135550.0
XTZ,42,3642370.0
XVG,42,1.186037E7
SAK,42,1.000833E7
XLM,42,6.981253E8
IOP,42,1517090.0
ETP,42,1.298379E8
PIVX,42,4285620.0
KORE,41,1939590.0
XLM,41,9.245965E7
SAK,41,6062180.0
FRGC,41,2318830.0
SPR,41,1.978383E7
BCC,41,9.405876E7
FCT,41,1.71839E7
DGB,41,2.349004E7
PIVX,41,5212570.0
ETHD,41,3795910.0
BTC,41,1.57864915E10
GXS,41,6520910.0
NXS,41,1074180.0
ADK,41,1791220.0
OK,41,1.668191E7
OMNI,41,1.473477E7
CLAM,41,3.479532E7
GBG,41,1.387338E7
PPC,41,2400440.0
DOGE,41,2.413776E7
NEOS,41,1035460.0
NEO,41,3.873273E8
SYS,41,2491490.0
NXT,41,2.543955E7
BCN,41,1.214706E7
USNBT,41,2346480.0
XRP,41,2.30645152E9
DCR,41,1145220.0
GAME,41,9050970.0
XEL,41,1190420.0
WAVES,41,4.231128E7
RISE,41,2401590.0
LSK,41,8.046433E7
LMC,41,1206350.0
AEON,41,1293570.0
PKB,41,3.37088E7
NAV,41,6119320.0
BCH,41,1.635259E9
XVG,41,1.615478E7
ADA,41,7.024806E7
XDN,41,2.320609E7
TRUST,41,6080830.0
XZC,41,1288780.0
HSR,41,1.114005E8
STEEM,41,8777840.0
XEM,41,3.047039E7
STRAT,41,4.836683E7
KMD,41,3902350.0
XMR,41,2.7949988E8
ZEN,41,1027130.0
ARK,41,2.01076E7
MIOTA,41,8.385842E7
MONA,41,1.9051281E8
QTUM,41,2.528413E8
RBY,41,2.440122E7
ETH,41,4.22104436E9
FRST,41,1.602446E7
VRC,41,1278250.0
VIA,41,1014750.0
BTS,41,3.686197E7
ETP,41,1.1281762E8
POT,41,1.63534E7
DMC,41,4830460.0
ENRG,41,1739960.0
IOP,41,1.602874E7
RDD,41,1217310.0
VRM,41,1074540.0
DASH,41,3.12599E8
EMC2,41,2.167824E7
ZEC,41,2.307761E8
ETC,41,3.2443875E8
ARDR,41,2.045542E7
REC,41,4.475675E7
VTC,41,1.409545E7
LTC,41,1.8336544E9
SC,41,1.619371E7
WAVES,40,5.093399E7
FCT,40,2.382648E7
ETH,40,2.19361839E9
IOP,40,1.628907E7
XMR,40,2.3402188E8
BCH,40,1.346551E9
BTC,40,9.0696323E9
OMNI,40,1029260.0
FRGC,40,3198090.0
ARDR,40,1.046083E7
STRAT,40,5.335558E7
REC,40,2.307801E7
ZEC,40,2.688111E8
STEEM,40,8520040.0
ARK,40,1.466991E7
SAK,40,4691770.0
BCN,40,7833570.0
SC,40,1.624574E7
USNBT,40,1429450.0
ETP,40,8148510.0
ADK,40,1306090.0
DMC,40,5862240.0
LSK,40,7.042191E7
KMD,40,4326690.0
XRP,40,1.45080644E9
ETC,40,2.1220739E8
ETHD,40,1.545229E7
NAV,40,1118070.0
DOGE,40,2.098514E7
NEO,40,5.206994E8
DGB,40,4.639771E7
XEM,40,2.850201E7
PPC,40,1323890.0
XDN,40,1.944342E7
FLO,40,1754600.0
BRK,40,1133310.0
DASH,40,2.191367E8
LBC,40,1082700.0
PIVX,40,9809930.0
RISE,40,1180260.0
QTUM,40,3.876894E8
XLM,40,1.2100384E8
MIOTA,40,7.634842E7
ODN,40,3810590.0
MONA,40,8146350.0
GAME,40,1.190756E7
DCR,40,1346750.0
XVG,40,2.101026E7
XEL,40,1340900.0
AEON,40,1.005826E7
BTS,40,7.719869E7
EMC2,40,3.13719E7
VTR,40,1893170.0
OK,40,1335290.0
CLAM,40,2053790.0
NXT,40,3.219635E7
FRST,40,8885840.0
VIA,40,2779820.0
XZC,40,2861050.0
SYS,40,1465590.0
ADA,40,1.1212107E8
VTC,40,1.048055E7
RDD,40,2140740.0
BCC,40,5.921212E7
HSR,40,1.4776221E8
EBST,40,2023430.0
GBYTE,40,1275700.0
LTC,40,5.8628526E8
MUE,40,2812520.0
POT,40,1225380.0
WAVES,39,5.740517E7
XAS,39,2457940.0
MUE,39,1915450.0
TRUST,39,5299080.0
ARK,39,2.329184E7
DCT,39,2164220.0
FRST,39,1.652804E7
CLAM,39,1415520.0
ABY,39,1306900.0
RISE,39,9628280.0
ETC,39,6.7229536E8
BCC,39,6.888741E7
NEOS,39,1022730.0
GCR,39,1007150.0
ADA,39,5.00687E7
OK,39,1.47381E7
HSR,39,9.64922E7
VTC,39,5232400.0
ETP,39,1.285201E7
XLM,39,1.965461E7
DCR,39,3925810.0
IOC,39,1106170.0
BLOCK,39,1390900.0
KMD,39,1.192042E7
MEME,39,5912660.0
SC,39,1.433925E7
NAV,39,9598660.0
NXS,39,4051390.0
XDN,39,1.656426E7
DOPE,39,1187070.0
BAY,39,1403280.0
VTR,39,1834560.0
NXT,39,2.595167E7
XEL,39,2002310.0
FCT,39,1.925339E7
SYS,39,5219020.0
ARDR,39,1.882185E7
STRAT,39,4.749811E7
START,39,1865730.0
STEEM,39,2.691637E7
DGB,39,4.137054E7
BLK,39,1.118116E7
XRP,39,6.961818E8
RUP,39,1239100.0
BCN,39,1.207091E7
BTCD,39,2303420.0
ATB,39,1229130.0
NEO,39,6.383615E8
XMR,39,2.8281352E8
DMC,39,2539010.0
LBC,39,1371910.0
ETHD,39,1682940.0
EMC2,39,4.163708E7
GAME,39,2.432409E7
ZEC,39,6.229261E8
EBST,39,1.013694E7
BTS,39,4.859631E7
KORE,39,2659440.0
THC,39,3323920.0
XZC,39,1.842901E7
REC,39,3808740.0
DOGE,39,5.630876E7
PPC,39,3272060.0
XWC,39,1709530.0
UBQ,39,1029770.0
ZCL,39,1322360.0
QTUM,39,7.261624E8
BCH,39,1.429461E9
LTC,39,1.25354606E9
SAK,39,7767800.0
AEON,39,1.043416E7
IOP,39,4.000562E7
BTC,39,1.02886268E10
MSD,39,1317090.0
XEM,39,2.54185E7
XVG,39,1.693675E7
LSK,39,7.10935E7
MIOTA,39,1.0823432E8
XPM,39,1041090.0
LMC,39,3510280.0
DASH,39,2.970657E8
RDD,39,4.54591E7
ETH,39,3.10773443E9
ZEC,38,1.656361E8
STEEM,38,3472210.0
RDD,38,1.217365E7
TRUST,38,1184330.0
OK,38,3.225955E7
RISE,38,2.642728E7
UBQ,38,1340540.0
VIA,38,7299100.0
DOGE,38,4.489259E7
SC,38,2.269507E7
GAME,38,4323340.0
MIOTA,38,9.548408E7
HSR,38,6.375458E7
SAK,38,1.049846E7
BSD,38,2757210.0
EMC2,38,1.748324E7
QTUM,38,4.228817E8
FCT,38,9902220.0
ARK,38,2.642353E7
NEO,38,1.454093E8
VTC,38,2.955884E7
ABY,38,2984010.0
DCT,38,1042560.0
DGB,38,2.181636E7
ETP,38,9935400.0
PURA,38,2049090.0
DCR,38,1.629954E7
XWC,38,8703210.0
GRC,38,1180670.0
BLK,38,4.336351E7
NEOS,38,1654020.0
XEL,38,1165850.0
SYNX,38,5104420.0
BDL,38,2182160.0
UNB,38,1290750.0
EBST,38,1.209027E7
STRAT,38,4.73143E7
DASH,38,5.693298E8
FTC,38,1655590.0
IOP,38,5.477907E7
ARDR,38,1170610.0
ERC,38,1069230.0
XRP,38,3.2959947E8
GRS,38,1.185483E7
PPC,38,1.148655E7
XVG,38,1.246636E7
ETH,38,4.37582545E9
NAV,38,5312900.0
LMC,38,4833160.0
CLAM,38,7685050.0
XLM,38,1.818973E7
XEM,38,2.48237E7
BCH,38,2.792425E9
CLOAK,38,1790880.0
SYS,38,6364290.0
BTS,38,1.049028E8
BCC,38,4.986719E7
START,38,1.686368E7
BCN,38,1.134904E7
NXS,38,5726190.0
XVC,38,2709510.0
LTC,38,1.57250328E9
WAVES,38,2.699465E7
GBG,38,3809720.0
FRGC,38,1011810.0
BTC,38,9.7369327E9
KMD,38,9686400.0
ETC,38,3.6468916E8
LBC,38,5196190.0
XMR,38,2.943578E8
TX,38,3498370.0
IOC,38,2216480.0
LSK,38,7.271525E7
KORE,38,3179080.0
NXT,38,2.09978E7
XDN,38,1.6551E7
OMNI,38,1834200.0
XZC,38,3.403261E7
EBT,38,1032650.0
LMC,37,1.442199E7
BTC,37,1.62651042E10
ETH,37,6.5870523E9
INFX,37,2550780.0
IOP,37,1916390.0
LBC,37,3291060.0
XZC,37,6731630.0
KMD,37,3.051226E7
DCR,37,6954160.0
DGB,37,5.124606E7
NEO,37,2.677343E8
WAVES,37,3.379076E7
XVC,37,2.419364E7
ADK,37,2395430.0
ETC,37,1.28214188E9
HSR,37,1.277428E8
SAK,37,1.073361E7
LTC,37,4.55294899E9
DOPE,37,5869580.0
XEL,37,1.294838E7
GAME,37,1.109672E7
POT,37,2082550.0
XAS,37,2842190.0
BLK,37,2850880.0
EMC2,37,1.274652E7
ZET,37,1404280.0
USNBT,37,1791280.0
DOGE,37,8.298956E7
FCT,37,2.017819E7
DASH,37,2.715242E8
BURST,37,1.369381E7
BTS,37,3.008374E8
EMC,37,2706670.0
NXS,37,7089660.0
VRC,37,4584870.0
BCC,37,4.620173E7
EBST,37,7209490.0
SC,37,2.729622E7
NXT,37,3.93826E7
STEEM,37,3988110.0
RISE,37,2.225154E7
BTCD,37,1859690.0
XDN,37,1.369676E7
MIOTA,37,1.8777016E8
CLOAK,37,1.033822E7
SYS,37,4.825558E7
GRS,37,1116580.0
XCN,37,3262740.0
SIB,37,3675870.0
XMR,37,6.3552379E8
THC,37,7731910.0
XRP,37,9.4716937E8
XEM,37,4.726392E7
ARK,37,9.386348E7
VTC,37,4976400.0
DMC,37,5470710.0
UBQ,37,1032060.0
STRAT,37,4.212677E7
EGC,37,5063760.0
XVG,37,3.45077E7
ZEC,37,2.023716E8
BCN,37,1.943782E7
KORE,37,8032160.0
QTUM,37,1.0546814E9
CANN,37,1909160.0
EXP,37,4477120.0
BCH,37,2.388954E9
MAX,37,1777950.0
IFC,37,8881510.0
XLM,37,3.214398E7
ARDR,37,9275120.0
GBYTE,37,1184500.0
NAV,37,1.975135E7
OK,37,9.542084E7
WDC,37,1649270.0
LSK,37,1.2555247E8
PIVX,37,3091600.0
BCH,36,3.777404E9
KMD,36,1.2100613E8
XPM,36,3602690.0
RDD,36,6236240.0
XZC,36,7714180.0
LBC,36,3219930.0
XVG,36,6.439634E7
ZEC,36,2.119335E8
PIVX,36,1.106767E7
NXS,36,2381050.0
DOGE,36,7.010542E7
SIB,36,2130630.0
ETH,36,7.50920934E9
ETC,36,1.50965311E9
SYS,36,5.4349E7
HSR,36,2.728142E8
VRC,36,4906410.0
XEM,36,4.376365E7
CLOAK,36,9025470.0
FCT,36,2.532809E7
PTC,36,3676020.0
IFC,36,6681340.0
MIOTA,36,2.816312E8
GRS,36,1486770.0
OMNI,36,1235580.0
BCC,36,7.246808E7
BTCD,36,5447150.0
XMR,36,7.0508717E8
NXT,36,6.230746E7
ARDR,36,2.029251E7
XRP,36,1.0682315E9
XLM,36,3.109766E7
STEEM,36,1.146799E7
XAS,36,1.1954865E8
SDC,36,1.02678E7
NAV,36,5.062664E7
CPC,36,4369660.0
ACT,36,2.172786E7
SHIFT,36,1132270.0
SC,36,4.174396E7
RADS,36,1145150.0
USNBT,36,1.053706E7
ARK,36,3.165992E7
GXS,36,1.645145E7
XEL,36,1.296648E7
BURST,36,1.388767E7
LSK,36,1.829791E8
BCN,36,1.876426E7
BLK,36,9016140.0
PINK,36,3147150.0
SAK,36,6636960.0
LKK,36,1112730.0
BTS,36,2.8206538E8
ION,36,4433500.0
EXP,36,1081450.0
XDN,36,1.368693E7
ADK,36,2337040.0
WAVES,36,4.371865E7
NEO,36,7.865206E8
UBQ,36,7875380.0
VTC,36,8163690.0
XWC,36,1832710.0
BTC,36,1.623685635E10
LMC,36,8303730.0
OK,36,6.463623E7
DCR,36,4014370.0
RISE,36,2.465125E7
DASH,36,2.718015E8
GLD,36,1388980.0
VIA,36,1561570.0
STRAT,36,5.609956E7
QTUM,36,1.2833171E9
FLO,36,2016910.0
TCC,36,3163610.0
LTC,36,5.27074202E9
DCT,36,1.051788E7
WDC,36,1382750.0
DMC,36,2715620.0
DGB,36,6.500933E7
GAME,36,2.066896E7
GBYTE,36,6176320.0
SAK,35,9693910.0
HSR,35,3.758429E8
NAV,35,1.286067E8
SIGMA,35,2517260.0
BTCD,35,3290190.0
ARDR,35,6488300.0
BLOCK,35,2701590.0
STRAT,35,1.0808404E8
BURST,35,8397790.0
STEEM,35,1.202607E7
FRGC,35,1219000.0
FLO,35,1430730.0
BTM,35,1059870.0
EMB,35,1154580.0
RDD,35,1.037172E7
ADK,35,6476210.0
DCR,35,1.104788E7
XVG,35,6.415739E7
BTS,35,2.595525E8
BCC,35,5.106379E7
FCT,35,4.941349E7
PURA,35,1520780.0
LTC,35,5.39645577E9
ETC,35,2.05767332E9
MAX,35,1015760.0
OK,35,2409990.0
XWC,35,2109950.0
WAVES,35,5.226117E7
NEOS,35,2070070.0
DOGE,35,9.11615E7
ERC,35,2689010.0
XBC,35,1148960.0
UBQ,35,2.070105E7
VIA,35,1.124855E7
NXT,35,4.636795E7
PIVX,35,2.039843E7
KMD,35,3.754707E7
NEO,35,5.685557E8
QTUM,35,8.172216E8
SDC,35,4783360.0
EXP,35,8467410.0
NVC,35,1483780.0
ETH,35,7.54213723E9
XMR,35,1.1645617E9
PINK,35,1.686429E7
KORE,35,2513140.0
VTC,35,1.582478E7
XPM,35,2858050.0
ARK,35,3.876581E7
RADS,35,1297310.0
LBC,35,1.250002E7
DGB,35,1.523947E8
GRS,35,3617680.0
PPY,35,1169420.0
DCT,35,1.164944E7
BCH,35,2.417469E9
DMC,35,3516750.0
XZC,35,6725850.0
EDR,35,4589470.0
LSK,35,2.893031E8
ACT,35,3.922277E7
BLITZ,35,1.00028E7
NXS,35,1.845239E7
RISE,35,9.46532E7
2GIVE,35,1294260.0
DASH,35,3.3538671E8
XLM,35,4.105467E7
GBYTE,35,8357770.0
XDN,35,1.365643E7
SHIFT,35,1032370.0
GXS,35,6.214481E7
SC,35,7.112291E7
GAME,35,2.027621E7
PTC,35,2180010.0
IFC,35,1536740.0
XAS,35,2.167306E7
XEM,35,7.782206E7
XEL,35,7254690.0
BTC,35,1.665067087E10
WDC,35,6454210.0
ZEC,35,2.520974E8
BLK,35,3919960.0
FTC,35,4411180.0
MIOTA,35,1.823346E8
MUSIC,35,3411460.0
BCN,35,3.530623E7
SYS,35,3.436757E7
XRP,35,2.2287248E9
NEOS,34,1.184153E7
BRK,34,1105320.0
SNRG,34,5721660.0
XRP,34,5.89358366E9
XAS,34,2.539433E7
SIGMA,34,1372090.0
GRC,34,2997580.0
VIA,34,3172100.0
PIVX,34,1.150533E7
XDN,34,9325120.0
ERC,34,1.368867E7
XZC,34,3210100.0
ADK,34,1.842438E7
DGB,34,4.190283E7
HSR,34,1.2781209E8
DCT,34,1.402027E7
FLO,34,4330490.0
LTC,34,2.49318414E9
ARDR,34,9264710.0
ZCL,34,3089460.0
VRC,34,1809410.0
ENRG,34,1779390.0
UBQ,34,7794680.0
BCN,34,1.889379E7
XLM,34,8.000691E7
XCP,34,3831100.0
DOGE,34,2.433484E7
DASH,34,6.8752362E8
CURE,34,1098580.0
VTC,34,4.741883E7
WDC,34,7426310.0
PURA,34,1.791286E7
STRAT,34,1.267281E8
CANN,34,1.126051E7
DOPE,34,1280950.0
FCT,34,4.94509E7
EBST,34,1166150.0
EMC,34,4102080.0
GAME,34,3.109192E7
ETC,34,9.2475524E8
XVG,34,1.005551E7
LSK,34,3.3226186E8
NEO,34,4.892984E8
WAVES,34,3.959371E7
ACT,34,4030040.0
KORE,34,3515280.0
XPM,34,1.357992E7
MIOTA,34,1.56109E8
XMR,34,1.15132581E9
EDR,34,8293060.0
BTC,34,1.67832992E10
SYS,34,4128180.0
IFC,34,1558360.0
BTS,34,1.710637E8
FTC,34,7724660.0
TCC,34,2744820.0
SLR,34,1032480.0
MUSIC,34,8477450.0
LBC,34,5302560.0
BAY,34,1237120.0
ZEC,34,2.242546E8
BCH,34,4.370584E9
BCC,34,4.043339E7
NAV,34,1952240.0
BLK,34,1.38878E7
BLOCK,34,3828010.0
BSD,34,2465580.0
BTM,34,1519930.0
BTA,34,2447510.0
NVC,34,1384210.0
XEM,34,6.744935E7
DCR,34,1.331176E7
NXT,34,7.074151E7
KMD,34,1214240.0
QTUM,34,3.351186E8
ZET,34,2354310.0
ETP,34,1641510.0
ARK,34,1.597641E7
SAK,34,4102560.0
THC,34,2114570.0
CLAM,34,1139320.0
GBYTE,34,4947820.0
STEEM,34,1.828445E7
XEL,34,1541880.0
USNBT,34,4233130.0
GXS,34,7.770847E7
EXP,34,2558620.0
ETH,34,7.26659717E9
XVC,34,3043530.0
RDD,34,1618950.0
PPC,34,1.038552E7
SC,34,3.678294E7
XHI,33,1126460.0
XEM,33,7.171085E7
SHIFT,33,2369900.0
XVC,33,1658260.0
ARDR,33,1.089141E7
SEQ,33,1169830.0
DOGE,33,2.79262E7
NXS,33,1128680.0
BLK,33,8008240.0
NEO,33,1.4322542E9
LSK,33,8.806366E7
DGB,33,7.819561E7
HSR,33,6789300.0
UBQ,33,2.104081E7
SYS,33,9048990.0
BRX,33,1366360.0
GAME,33,2.398857E7
LKK,33,1100750.0
ABY,33,1419090.0
FRST,33,1123130.0
LBC,33,1.547461E7
TX,33,1283940.0
BCC,33,5.30039E7
PURA,33,2967410.0
XAS,33,4.129653E7
MUE,33,1858470.0
BITB,33,1184040.0
ETC,33,4.0656716E8
WAVES,33,2.632355E7
MAX,33,4186560.0
FCT,33,4.591167E7
UNB,33,3487540.0
POT,33,1613550.0
BTM,33,3974100.0
DMC,33,2579240.0
GBYTE,33,1.136194E7
ZET,33,1164570.0
BCN,33,1.463455E7
KMD,33,1234000.0
XMR,33,1.1040166E8
WDC,33,1638770.0
XDN,33,8652680.0
DCT,33,2.254904E7
NXT,33,7.012926E7
STRAT,33,1.398906E8
BURST,33,2562120.0
RDD,33,1.146342E7
KORE,33,2041660.0
ETH,33,6.22757354E9
EXP,33,7511240.0
CRW,33,2792860.0
XCP,33,3431530.0
XRP,33,6.5618975E8
LMC,33,5701890.0
FTC,33,4261510.0
MIOTA,33,3.770965E8
RADS,33,2726950.0
XVG,33,1.5297E7
OK,33,2076870.0
QTUM,33,4.139107E8
VRC,33,2752140.0
XPM,33,1472800.0
SYNX,33,8962860.0
SC,33,6.820143E7
TCC,33,1659150.0
XEL,33,1.029602E7
XMG,33,6332950.0
ZEN,33,1057820.0
ZEC,33,1.553788E8
EGC,33,6647770.0
TRUST,33,1557390.0
CLAM,33,3083590.0
IFC,33,3766460.0
BTC,33,1.92781785E10
DCR,33,6184340.0
BCH,33,8.937673E9
PIVX,33,3366360.0
RISE,33,2080660.0
EMC,33,2052930.0
EMC2,33,2884290.0
STEEM,33,1.095476E7
PART,33,1940450.0
VTC,33,7417890.0
BTS,33,2.7501735E8
XZC,33,4816510.0
GXS,33,1.1780319E8
XLM,33,5.678025E7
NVC,33,1054250.0
ARK,33,8.075815E7
DASH,33,6.2222927E8
LTC,33,1.19765051E9
QTUM,32,5.702484E8
PPC,32,1240900.0
ARK,32,1315710.0
KMD,32,7940340.0
LSK,32,2.909223E7
NXS,32,1983850.0
NVC,32,4.77576E7
DCT,32,3.068232E7
XLM,32,6.755343E7
SC,32,6.383501E7
BLK,32,4037720.0
VIA,32,1481950.0
DASH,32,2.3275077E8
GBYTE,32,3.162088E7
ABY,32,2154510.0
FCT,32,4.285436E7
BCN,32,1.499644E7
BCC,32,4.732152E7
POT,32,1050310.0
BCH,32,1.403795E9
PPY,32,2481320.0
XMR,32,9.135223E7
XEM,32,8.892284E7
VTC,32,7547870.0
SIGT,32,4049970.0
WDC,32,3154510.0
DCR,32,6251120.0
RADS,32,1278280.0
WAVES,32,4.729541E7
DGB,32,5.505863E7
BTS,32,4.9675113E8
DMC,32,1042670.0
FTC,32,5582690.0
ZET,32,1433830.0
ETC,32,5.4363179E8
LMC,32,2925600.0
SYS,32,8991790.0
XZC,32,9968180.0
PIVX,32,4868160.0
XMY,32,2993820.0
NXT,32,8.83343E7
GXS,32,2.017235E8
ARDR,32,1.36288E7
XAS,32,7.342845E7
XCN,32,4719340.0
BTCD,32,2581230.0
IFC,32,1322790.0
BTC,32,1.440340105E10
NEO,32,1.776519E9
ZEC,32,1.793383E8
RISE,32,3977900.0
RDD,32,1177060.0
ETH,32,9.71525735E9
ETP,32,7282440.0
CLAM,32,2.087452E7
FRGC,32,4384840.0
GLD,32,1645810.0
MIOTA,32,1.717783E8
GAME,32,3.461035E7
STEEM,32,1.266365E7
LTC,32,1.26305051E9
XEL,32,1.835728E7
XRP,32,6.146416E8
XDN,32,7829140.0
EMC2,32,4602920.0
LBC,32,1.845412E7
XVG,32,1.264708E7
DOGE,32,3.552365E7
STRAT,32,1.706831E8
DCR,31,2495610.0
GBYTE,31,1.143294E7
XCN,31,8516110.0
MIOTA,31,5.495999E7
VIA,31,3674960.0
XDN,31,3022390.0
BLK,31,1014370.0
XMR,31,7.50554E7
MEC,31,3872020.0
ETH,31,6.9540151E9
LSK,31,2.548733E7
SAK,31,5486920.0
BCN,31,8992520.0
QTUM,31,2.055849E8
STEEM,31,9317850.0
LTC,31,1.22641385E9
ZEC,31,1.724064E8
ZET,31,4739330.0
XEM,31,5.672075E7
BCH,31,1.08147676E9
WAVES,31,3.064744E7
XEL,31,1.242126E7
VTC,31,2219280.0
ARDR,31,2.115011E7
BTS,31,3.419762E8
FRGC,31,6844590.0
GXS,31,3.962011E7
SIGT,31,1208920.0
NXT,31,1.5143052E8
PTC,31,1043440.0
STRAT,31,8.743815E7
GAME,31,1.147906E7
VRM,31,4264620.0
XRP,31,5.0335274E8
DCT,31,2514900.0
LBC,31,1.736859E7
EMC2,31,5955620.0
IFC,31,3869380.0
XAS,31,1.041874E7
SC,31,5.022376E7
DOGE,31,3.613364E7
ZBC,31,2267150.0
XLM,31,7.879212E7
NEO,31,3.17209E8
XVG,31,2732000.0
FTC,31,7508290.0
LKK,31,1901820.0
ETC,31,9.037867E8
FCT,31,1.975749E7
WDC,31,2193180.0
DGB,31,6.320591E7
BTC,31,9.42041137E9
SYS,31,3597320.0
ABY,31,5619720.0
BCC,31,2.160315E7
ARK,31,1355320.0
DASH,31,2.0612152E8
BLK,30,1212000.0
NXT,30,4.041642E7
VTC,30,2402200.0
STRAT,30,8.922219E7
VIA,30,1470200.0
NEO,30,1.0803103E8
WDC,30,2381050.0
BTS,30,3.876114E8
FCT,30,2.252131E7
EXP,30,1064600.0
BTC,30,7.93059181E9
XCN,30,6519890.0
DGB,30,1.1071642E8
GAME,30,8099730.0
XDN,30,2525920.0
FTC,30,5318520.0
BCH,30,3014800.0
ETC,30,6.15347E8
GXS,30,3.988983E7
EMC2,30,7456950.0
XEM,30,2.695663E7
BCN,30,4821810.0
CLAM,30,2357710.0
EDRC,30,1028280.0
XRP,30,5.3495057E8
SC,30,7.243574E7
XEL,30,1288380.0
WAVES,30,1.58571E7
DCR,30,7613930.0
XAS,30,1.108184E7
XMR,30,1.0426001E8
LSK,30,2.7133E7
PIVX,30,1029330.0
XBC,30,1.153523E7
FRGC,30,6309960.0
XVG,30,2650000.0
POT,30,1.053365E7
SYS,30,2957820.0
BCC,30,2.373785E7
QTUM,30,8.292243E7
LTC,30,9.6372356E8
DGC,30,1773440.0
MIOTA,30,2.422874E7
BTCD,30,4659280.0
ARDR,30,8367780.0
CHC,30,1297370.0
SAK,30,1.006619E7
ZEC,30,1.657253E8
ZBC,30,1005390.0
DASH,30,3.359336E8
XLM,30,4.684187E7
ETH,30,4.88414281E9
MEC,30,1.141983E7
STEEM,30,9515970.0
LBC,30,1.256118E7
DCT,30,1.399096E7
DOGE,30,2.436565E7
IFC,30,2670580.0
GXS,29,1.069624E8
DGC,29,7368480.0
DCT,29,5132110.0
XMR,29,7.279351E7
STRAT,29,9.693735E7
WAVES,29,1.651806E7
NMC,29,4032760.0
XVC,29,1298290.0
GAME,29,1.934413E7
BTC,29,1.087201235E10
PPC,29,5922670.0
XCN,29,1.975175E7
LTC,29,2.07218984E9
DGB,29,5.788042E7
DCR,29,4827280.0
BURST,29,2443340.0
LMC,29,1062460.0
WDC,29,1.724568E7
LBC,29,1.959353E7
MAX,29,1483850.0
IFC,29,1.755315E7
ARDR,29,1.880556E7
STEEM,29,2.188311E7
XRP,29,1.32493768E9
DOGE,29,5.507402E7
XPM,29,4902690.0
ZEC,29,1.883837E8
EMC,29,3752320.0
FRGC,29,1010160.0
ETH,29,1.15140999E10
SYNX,29,6091100.0
EDRC,29,2165880.0
PART,29,1020090.0
MEC,29,1.537311E7
ETC,29,1.258572E9
UNB,29,2298350.0
DMC,29,2324490.0
VTC,29,9958340.0
NXT,29,7.141639E7
BCC,29,2.42759E7
SAK,29,1.457015E7
XAS,29,2.155493E7
DOPE,29,2466840.0
SYS,29,8773640.0
XLM,29,7.480358E7
NEO,29,1.569502E8
BTS,29,6.314221E8
PIVX,29,2721410.0
VIA,29,1307920.0
ZET,29,9036580.0
BLK,29,1.334957E7
SRC,29,4380610.0
QTUM,29,1.756087E8
SIB,29,1077110.0
SC,29,7.731147E7
BCN,29,4136420.0
XEM,29,3.007241E7
FTC,29,7644770.0
DASH,29,2.75283E8
LSK,29,2.875647E7
MIOTA,29,5.687829E7
SBD,29,1034910.0
XVG,29,6059180.0
CHC,29,6845580.0
FCT,29,2.836153E7
SYNX,28,1.933359E7
NXT,28,4.084537E7
LTC,28,2.65847527E9
BURST,28,1034160.0
XMR,28,9.008729E7
WAVES,28,1.643319E7
SAK,28,2.306426E7
NEO,28,1.0588312E8
STEEM,28,1.74872E7
VTC,28,4697990.0
GBYTE,28,3967780.0
LKK,28,2076800.0
MEC,28,4238930.0
PIVX,28,2363610.0
XCN,28,6496460.0
DCT,28,1170310.0
NMC,28,1.106856E7
PPC,28,1.307132E7
XVG,28,8695480.0
GXS,28,5.105701E7
SC,28,7.631407E7
BSD,28,2385070.0
BCC,28,1.971459E7
DGB,28,4.172248E7
MUE,28,3060020.0
EDRC,28,7987060.0
RDD,28,1228440.0
XLM,28,1.293092E8
BLK,28,1356840.0
CLAM,28,4364740.0
FCT,28,3.228704E7
XAS,28,4724700.0
BTC,28,8.58338035E9
CHC,28,2.552783E7
NTRN,28,1582380.0
MIOTA,28,3.539472E7
STRAT,28,9.553188E7
RVR,28,1018730.0
ZEC,28,1.807234E8
BCN,28,9549840.0
XEM,28,2.619555E7
EXCL,28,1389410.0
DCR,28,7357920.0
GRS,28,3077520.0
TX,28,2678920.0
SYS,28,5473270.0
ARDR,28,1.447724E7
XRP,28,1.24866055E9
LBC,28,1.062572E7
ETC,28,2.203089E9
URO,28,2013030.0
BTS,28,3.2565111E8
DASH,28,2.311808E8
DOGE,28,4.709758E7
FTC,28,6853040.0
GAME,28,1.058519E7
LSK,28,2.853903E7
ETH,28,7.63434146E9
QTUM,28,5.530428E7
STRAT,27,4.732994E7
VTC,27,6548610.0
SAK,27,1.786021E7
ETC,27,5.196203E8
ZEC,27,2.135736E8
DOGE,27,6.223127E7
SIB,27,1043600.0
PPC,27,1.153956E7
XAS,27,4.172137E7
STEEM,27,1.473405E7
BLK,27,2.449384E7
XZC,27,2274860.0
MEC,27,3200280.0
LBC,27,1.431964E7
LSK,27,3.640252E7
ZET,27,1055480.0
NEO,27,1.428731E8
NXT,27,4.447268E7
MIOTA,27,3.363959E7
ARDR,27,2.157465E7
VRC,27,7362370.0
XLM,27,4.434888E7
EDRC,27,1.032297E7
EMC2,27,1658610.0
QRK,27,1328580.0
IFC,27,7516500.0
NVC,27,1175870.0
NEOS,27,1166550.0
POT,27,1559960.0
DCR,27,1.268474E7
CHC,27,2171310.0
XBC,27,6207120.0
NMC,27,7445060.0
BCC,27,2.104383E7
BTC,27,7.25000114E9
FRGC,27,1190970.0
PIVX,27,7450210.0
XVG,27,2.112852E7
XRP,27,5.3028383E8
QTUM,27,7.204715E7
XEM,27,4.401254E7
WAVES,27,2.178154E7
RDD,27,5031680.0
ION,27,1216960.0
TAG,27,1682630.0
CLOAK,27,1006920.0
BTS,27,4.273366E8
XDN,27,3411180.0
DCT,27,1.23468E7
DYN,27,1895170.0
ARK,27,1066380.0
NXS,27,2672690.0
FCT,27,2.001141E7
DGB,27,4.633782E7
SC,27,9.575618E7
DASH,27,4.4648008E8
CLAM,27,2104960.0
OMNI,27,3477790.0
BTCD,27,1950640.0
ENRG,27,1185870.0
XCN,27,1.430974E7
DBIX,27,4104580.0
ETH,27,5.03455174E9
LTC,27,4.7818318E9
SYS,27,7774870.0
OK,27,1017490.0
MEME,27,1589030.0
WDC,27,7122920.0
XEL,27,2814030.0
SLS,27,2776980.0
BCN,27,6432920.0
GAME,27,1.564614E7
GXS,27,7.925308E7
XPM,27,5806030.0
GBYTE,27,8905120.0
XMR,27,1.1677681E8
EMC,27,3391130.0
FTC,27,9471640.0
VTC,26,1.390461E7
CLAM,26,1472820.0
GRC,26,2266130.0
ERC,26,1049580.0
FCT,26,3.579244E7
WDC,26,1.468992E7
MEC,26,1.501499E7
RDD,26,1071110.0
SYS,26,1.476606E7
FTC,26,8302790.0
GAME,26,1.760443E7
BURST,26,1.138946E7
IFC,26,1.61404E7
VRC,26,1.79674E7
BTS,26,4.7095715E8
DASH,26,2.826012E8
KORE,26,1386750.0
NVC,26,7224200.0
EMC,26,8956350.0
NEO,26,3.726405E8
BTCD,26,1.058394E7
DCR,26,1.342646E7
GXS,26,1.208783E8
LKK,26,4022580.0
QRK,26,1.303107E7
ION,26,3265510.0
ZEC,26,2.252753E8
BCN,26,2.043623E7
STRAT,26,4.65187E7
CLOAK,26,8944810.0
SPHR,26,7256210.0
EMC2,26,2499950.0
XLM,26,8.987563E7
PIVX,26,1.222354E7
QTUM,26,1.763554E8
LBC,26,2.319698E7
BASH,26,1.243978E7
ETH,26,1.097916767E10
XEM,26,6.958644E7
MIOTA,26,3.389127E7
XZC,26,1.102035E7
BTC,26,8.87164637E9
TAG,26,2356860.0
XMR,26,8.6275E7
SBD,26,1.072327E7
RADS,26,7252280.0
ARDR,26,3.96001E7
EDRC,26,6487500.0
XAS,26,9476350.0
LSK,26,5.52581E7
XCN,26,3.94984E7
SUPER,26,1017040.0
WAVES,26,2.030524E7
ETC,26,1.1324668E9
XRP,26,8.6594062E8
BRX,26,2679490.0
DOGE,26,6.960614E7
POT,26,1145630.0
OMNI,26,8557070.0
ZET,26,5091190.0
XCP,26,1109440.0
BCC,26,1.658549E7
VIA,26,8692600.0
DCT,26,1847500.0
BLK,26,1.879622E7
NEOS,26,8787240.0
XBC,26,5.353019E7
STEEM,26,1.855687E7
NMC,26,1.650559E7
LTC,26,2.6261349E9
MAX,26,1169640.0
SC,26,1.1716753E8
XPM,26,1.615654E7
DMD,26,5623600.0
SLS,26,1154070.0
SRC,26,1099400.0
LMC,26,9515340.0
XVG,26,1461240.0
DGB,26,5.255008E7
NXT,26,7.692233E7
GBYTE,26,6084940.0
XEL,26,5542010.0
ETP,26,2921820.0
SAK,26,3.200269E7
PPC,26,1.807482E7
ENRG,25,1913490.0
SNRG,25,6846090.0
EXP,25,1015020.0
QRK,25,7323420.0
THC,25,2202080.0
LBC,25,4.79997E7
LMC,25,4.115826E7
XBC,25,7085310.0
NXT,25,1.0341473E8
PIVX,25,1171960.0
CANN,25,2.104576E7
OMNI,25,1.110621E7
VTC,25,2.217222E7
EBST,25,1502100.0
WAVES,25,2.069146E7
RADS,25,1878660.0
VIA,25,2.775019E7
ANC,25,2072640.0
SC,25,2.5870994E8
BCC,25,1.515389E7
PASC,25,1115370.0
RIC,25,6059920.0
GXS,25,1.99329E7
BTC,25,1.090297269E10
MAX,25,1.152608E7
SYS,25,4.278424E7
POT,25,4795440.0
FAIR,25,1657930.0
DCR,25,2.474953E7
GRC,25,2852210.0
WDC,25,4.039491E7
XRP,25,2.18477418E9
ARK,25,1611880.0
XPM,25,2.093875E7
RDD,25,8226310.0
CLUB,25,1000870.0
DOGE,25,1.0037786E8
GAME,25,4.216243E7
NVC,25,2.373734E7
DASH,25,3.5558253E8
IFC,25,3.268449E7
NEO,25,7.369091E8
ETH,25,6.8237843E9
BLK,25,3.1787E7
PPC,25,4.771688E7
DGB,25,8.828109E7
NMC,25,2.873289E7
EMC,25,1.552754E7
KORE,25,5591420.0
BTS,25,5.269353E8
BTCD,25,2828760.0
DOPE,25,4832490.0
FCT,25,5.908611E7
XZC,25,2.42634E7
XVP,25,1.60547E7
BAY,25,1027800.0
ZET,25,1.581429E7
LTC,25,4.12225105E9
TRUST,25,1823610.0
BTM,25,1907420.0
EDRC,25,4808970.0
BASH,25,3.426332E7
ETP,25,8085420.0
LKK,25,2428800.0
KMD,25,4496030.0
ETC,25,1.2718252E9
MONA,25,2416250.0
CRYPT,25,1.050005E7
NOTE,25,1757450.0
XLM,25,7.620411E7
BCN,25,1.931402E7
PINK,25,3702760.0
QTUM,25,1.86321E8
SAK,25,3.059245E7
BBR,25,1118170.0
XCP,25,7936150.0
ZEC,25,2.321794E8
XEM,25,6.933787E7
BURST,25,4.548473E7
XDN,25,1.099424E7
XMR,25,7.523328E7
NEOS,25,3466310.0
CLAM,25,5292000.0
VRC,25,1822270.0
FTC,25,1370120.0
STEEM,25,3.241607E7
ARDR,25,6.297553E7
SRC,25,3533110.0
XCN,25,8.559423E7
EMC2,25,1421840.0
SHIFT,25,2343470.0
TAG,25,1139310.0
STRAT,25,7.157386E7
MEC,25,3.216784E7
XAS,25,5.472337E7
LSK,25,7.283421E7
CLOAK,25,4571820.0
MIOTA,25,4.163919E7
UBQ,25,2507600.0
XVG,25,1.225668E7
WDC,24,8542320.0
FTC,24,2729510.0
BTCD,24,3037740.0
FCT,24,7.09881E7
VTC,24,1.542349E7
BURST,24,5738610.0
POT,24,2.486574E7
GAME,24,2.168898E7
EMC2,24,1009270.0
BLK,24,2.617494E7
NOTE,24,2962460.0
DOGE,24,1.0777512E8
ECC,24,1099470.0
SBD,24,1155930.0
ETH,24,1.18051846E10
UBQ,24,3144140.0
GRC,24,7871650.0
BTC,24,1.38672462E10
XLM,24,8.184232E7
LTC,24,4.46370235E9
CLAM,24,1.423396E7
LKK,24,6304700.0
NMC,24,5335490.0
DCR,24,2.245212E7
VRC,24,6405550.0
XAS,24,8790980.0
RVR,24,4408200.0
SAK,24,2.193395E7
SC,24,1.9676564E8
VIA,24,1091030.0
XMR,24,1.0259087E8
MEC,24,1238220.0
BCC,24,1.1228E7
QRK,24,1329150.0
BTS,24,1.073816E9
ZEC,24,3.468211E8
OMNI,24,1088740.0
IFC,24,1.533172E7
PINK,24,1299590.0
XCN,24,1.701301E7
RDD,24,9649460.0
XCP,24,1958010.0
QTUM,24,7.689048E7
STEEM,24,3.770171E7
XPM,24,9822460.0
NAV,24,3199620.0
XVG,24,1.920302E7
DASH,24,4.0735266E8
RIC,24,1397190.0
MAX,24,1034710.0
DGB,24,1.7842277E8
LSK,24,9.682597E7
FLO,24,8312560.0
NEOS,24,1346190.0
NXT,24,2.0157972E8
BOST,24,1481330.0
ARDR,24,5.318591E7
PIVX,24,1217220.0
XEM,24,1.011678E8
ARK,24,3146530.0
NEO,24,2.2776133E8
XZC,24,2.294179E7
XDN,24,2.089016E7
KMD,24,4984040.0
EMC,24,1.358368E7
STRAT,24,1.0016862E8
XRP,24,1.35066684E9
ETC,24,1.7690041E9
SYS,24,2.736533E7
BCN,24,2.678385E7
LBC,24,4.536181E7
ZET,24,1317140.0
LMC,24,4361370.0
WAVES,24,1.652724E7
EDRC,24,3349910.0
PPC,24,2.361811E7
MIOTA,24,6.24567E7
MOON,23,4318640.0
RADS,23,8906530.0
ARK,23,1.514296E7
ETP,23,4747710.0
BITB,23,7887790.0
SYS,23,4.844594E7
RDD,23,3.021148E7
XVC,23,1499270.0
PKB,23,7708520.0
STEEM,23,1.3971977E8
EXP,23,5811230.0
XPM,23,9190030.0
RVR,23,1369890.0
LBC,23,3.791049E7
EMC,23,7321570.0
VTC,23,3.366627E7
SC,23,2.9414265E8
XEM,23,1.090807E8
LTC,23,2.04835643E9
OMNI,23,1.276567E7
DGB,23,5.404238E8
PIVX,23,4909740.0
CLOAK,23,1785720.0
BTS,23,1.6480728E9
FCT,23,1.917532E8
PPC,23,2.120436E7
XRP,23,8.3504704E8
STRAT,23,1.986711E8
NAV,23,1050840.0
RIC,23,9559410.0
NMC,23,5206860.0
BLK,23,3.586812E7
XAS,23,3136370.0
ETC,23,1.0140214E9
VRC,23,6947350.0
BTC,23,1.245409229E10
FTC,23,4825510.0
XMR,23,1.589238E8
ZET,23,4860320.0
LMC,23,1256780.0
MAX,23,7690530.0
CLAM,23,6916290.0
BAY,23,1426840.0
PTC,23,1351940.0
ZEN,23,9447010.0
GAME,23,3.157549E7
DASH,23,4.1201414E8
XZC,23,1.319239E7
XMY,23,1974940.0
WAVES,23,2.502434E7
WDC,23,1.348285E7
XLM,23,2.319422E8
GRC,23,1.941041E7
VIA,23,5211990.0
ARDR,23,2.447333E7
EMC2,23,8245960.0
SNRG,23,1201040.0
BTCD,23,1161580.0
BCC,23,1.821325E7
ETH,23,5.68423233E9
OK,23,1199480.0
IFC,23,4.006975E7
ABY,23,1471060.0
DCR,23,2.670348E7
NOTE,23,1.576632E7
XDN,23,3.171643E7
DOGE,23,2.4786416E8
SAK,23,2.558844E7
KMD,23,1478960.0
LKK,23,1046980.0
POT,23,1163140.0
XCP,23,6200790.0
XVG,23,5.365302E7
BURST,23,1.420293E7
GBYTE,23,4240630.0
UBQ,23,7658650.0
NEO,23,5.272662E7
QTUM,23,8.095644E7
BASH,23,3648960.0
NXT,23,1.0407584E8
ZEC,23,2.318069E8
BCN,23,2.089495E7
LSK,23,2.4227788E8
STEEM,22,6.618878E7
BCD,22,1.179891E7
NEOS,22,3517410.0
QTUM,22,9.4706957E8
CKUSD,22,6.016294E8
IFC,22,2.277734E7
ARK,22,6652010.0
ETH,22,1.8734258E10
PPC,22,1.465591E7
XZC,22,1.011428E7
NXS,22,1.661614E7
BTM,22,1118410.0
DCR,22,4.095611E7
XMC,22,1556980.0
XTZ,22,1271660.0
DASH,22,8.1946237E8
TPAY,22,2632710.0
ACT,22,1.280704E8
CLOAK,22,2573380.0
ATMC,22,1.909467E8
UBTC,22,3385170.0
XCP,22,4511640.0
VIA,22,3288310.0
EDRC,22,2173190.0
KMD,22,7424940.0
NMC,22,4907540.0
XEM,22,1.8388291E8
DOGE,22,2.5502922E8
LSK,22,1.2346447E8
BCH,22,3.779186E9
ELA,22,1.085754E8
PLAN,22,1095420.0
XMR,22,3.2855523E8
XLM,22,5.084303E8
STRAT,22,3.0757692E8
VTC,22,1.067433E7
EXP,22,7849630.0
OCC,22,1009430.0
FCT,22,2.593468E7
SKY,22,9665710.0
CHAT,22,1.049443E7
WAN,22,5.234294E7
XDN,22,3.235479E7
XVC,22,2185310.0
XPM,22,9162410.0
BTCD,22,2070490.0
NAV,22,4.772681E7
BLITZ,22,1777110.0
WAVES,22,1.8868466E8
NANO,22,6.140483E7
XRP,22,3.42941626E9
PART,22,7856920.0
ETN,22,2104510.0
XVG,22,1.0701795E8
BTCP,22,1004910.0
LEO,22,7808920.0
SYS,22,3.451388E7
CLAM,22,2965730.0
BCC,22,9667800.0
GXS,22,1.128174E8
PIVX,22,2.684527E7
ETP,22,2.639693E7
SAK,22,3.442442E7
BTS,22,2.1965948E8
HT,22,5.488296E8
ZEC,22,5.648068E8
BCX,22,2321160.0
SBTC,22,1.621365E7
XAS,22,3.946332E7
DGB,22,5.8047206E8
RADS,22,1022070.0
SLS,22,2683370.0
LBC,22,8042150.0
MIOTA,22,6.399849E8
NEO,22,6.0068101E8
TTT,22,6.620861E7
RDD,22,3.818576E7
GAME,22,3.210915E7
BURST,22,2.002672E7
NEBL,22,3.529622E7
PINK,22,1.378702E7
POA,22,1.245629E7
HUC,22,1.49132E7
UBQ,22,8566430.0
CNX,22,8665680.0
BTC,22,4.14015532E10
LET,22,5.524931E7
GRS,22,3.599839E7
ZCL,22,7318870.0
NXT,22,4.262038E7
DCT,22,1.05938E7
OMNI,22,7.902668E7
BLK,22,9753680.0
HSR,22,2.297843E8
OF,22,5165940.0
SC,22,4.212574E8
EMC2,22,1173880.0
BASH,22,5285960.0
ZEN,22,1.679364E7
BCN,22,2.0142735E8
EMC,22,7910130.0
NOTE,22,1075240.0
SBD,22,2588840.0
MONA,22,6886900.0
ARDR,22,2.646374E7
ETC,22,1.6624136E9
ADA,22,9.519512E8
LTC,22,3.90128592E9
GBYTE,22,2283110.0
WICC,22,1.118469E8
OC,22,1.897193E7
BTG,22,8.10022E7
BCH,21,4.514297E9
IOP,21,2912310.0
NAV,21,5.774983E7
ZEN,21,1.1015796E8
MUE,21,1059910.0
WDC,21,2415920.0
ADA,21,6.18375E8
LSK,21,1.9244892E8
OF,21,6749480.0
UBQ,21,3352570.0
RADS,21,1345850.0
RVR,21,5436960.0
BTC,21,4.891637082E10
QTUM,21,9.3822586E8
LEO,21,8944200.0
SBTC,21,1.427672E7
DEV,21,3856710.0
NXS,21,4656030.0
WAN,21,7.691699E7
NMC,21,1.043044E7
SBD,21,7457290.0
SKY,21,4.040107E7
KORE,21,1088410.0
STEEM,21,1.6022927E8
FCT,21,5.359105E7
XVG,21,1.3541564E8
CNX,21,1.038614E7
ELA,21,8.247454E7
PLAN,21,2213960.0
ARDR,21,3.332634E7
PCN,21,4645990.0
LTC,21,4.87062435E9
XLM,21,5.147129E8
DCT,21,2.985629E7
HT,21,5.801456E8
ETC,21,2.914117E9
NXT,21,5.283046E7
XZC,21,1.769562E7
GXS,21,8.404237E7
PURA,21,1.529242E7
UBTC,21,1.034209E7
ECA,21,2275490.0
LBC,21,5367430.0
NEO,21,7.4986905E8
XMR,21,5.652697E8
XPM,21,1.79907E7
MEC,21,1073920.0
XP,21,4153250.0
XCP,21,1235040.0
BCC,21,7179520.0
DOGE,21,4.8836084E8
SC,21,2.8847803E8
FLO,21,1379140.0
TTT,21,1.0481947E8
OMNI,21,2159710.0
BLK,21,9757990.0
PPC,21,1.8422E7
GRS,21,7.04538E7
SAK,21,1.541141E7
ZEC,21,1.0334642E9
FRGC,21,7543610.0
CKUSD,21,8.135619E8
CLAM,21,6852360.0
PINK,21,1013120.0
ZCL,21,3773350.0
POA,21,2.025077E7
PART,21,7970240.0
WICC,21,1.0362318E8
KMD,21,1.049878E7
BCN,21,1.8849042E8
DGB,21,1.5476553E8
IFC,21,1.1247632E8
CLOAK,21,3.814555E7
ZET,21,5639570.0
EMC,21,1.08036E7
ACT,21,1.285572E8
LMC,21,1523630.0
XRP,21,3.5600634E9
MUSIC,21,1085910.0
RIC,21,1246770.0
ATMC,21,1.8064666E8
NEBL,21,4.862317E7
ARK,21,6886690.0
CHAT,21,1.481847E7
BTS,21,2.5558027E8
MONA,21,4970560.0
XMC,21,5127450.0
WAVES,21,1.8652568E8
ETH,21,2.18149207E10
DCR,21,5.999608E7
ETP,21,3.268121E7
BURST,21,7339020.0
EMC2,21,1125030.0
ETN,21,1499870.0
XDN,21,1.881453E7
BTM,21,6316510.0
TPAY,21,2205340.0
VRC,21,1297160.0
OC,21,3.081382E7
SYNX,21,1439020.0
PASC,21,2905910.0
VIA,21,5868720.0
LET,21,1.696889E7
NANO,21,5.982942E7
GAME,21,2.527502E7
SYS,21,6.202333E7
XAS,21,5.462226E7
BTCP,21,4277800.0
EXP,21,1072230.0
MIOTA,21,4.136083E8
RDD,21,7.028341E7
STRAT,21,1.2623642E8
HSR,21,2.811876E8
BCD,21,1.350461E7
PIVX,21,2.817372E7
VTC,21,6654850.0
BTG,21,8.82216E7
XEM,21,2.5836701E8
DASH,21,9.7838686E8
ADA,20,6.897848E8
WAN,20,6.754909E7
HT,20,9.773104E8
UBTC,20,9619710.0
CLAM,20,7255400.0
ZCL,20,1.115625E7
DOGE,20,3.135044E8
PCN,20,1.345862E7
LEO,20,9105480.0
STRAT,20,7.506055E7
GRS,20,2.8676471E8
GAME,20,3.698361E7
NXT,20,6.623254E7
XBC,20,2646410.0
RIC,20,4003290.0
XMR,20,4.1829475E8
ARK,20,3.978348E7
HXX,20,2120580.0
PART,20,1.486026E7
DCT,20,6354510.0
ZEC,20,1.71861331E9
RDD,20,9.820039E7
TTT,20,1.0610996E8
ACT,20,1.808469E8
NMC,20,1.050092E7
OMNI,20,1199890.0
DCR,20,9.246557E7
NAV,20,6.015423E7
XPM,20,1.011442E7
LBC,20,6242360.0
LET,20,2.30868E7
FRGC,20,1.156262E7
EMC,20,5763200.0
NANO,20,5.713949E7
CLOAK,20,3.72714E7
PINK,20,4707630.0
LSK,20,1.3951804E8
GCC,20,1175990.0
XLM,20,6.279681E8
DASH,20,1.16666816E9
NEO,20,6.9686101E8
BTG,20,1.474323E8
BLK,20,6062650.0
CKUSD,20,1.224562E9
RADS,20,3117210.0
XEL,20,2251270.0
XMC,20,3512390.0
NEOS,20,1351060.0
XP,20,5996720.0
FCT,20,2.264571E7
ION,20,1373500.0
BURST,20,2.74594E7
GXS,20,1.00509E8
SC,20,2.901677E8
HSR,20,3.420736E8
XAS,20,3.078977E7
SBD,20,3.563577E7
XEM,20,3.8654066E8
ELA,20,1.039193E8
STEEM,20,1.1116763E8
SKY,20,6112120.0
ETC,20,1.6121413E9
BCN,20,4.0035282E8
XCP,20,1155820.0
XRP,20,4.684554E9
EMC2,20,3.656843E7
ATMC,20,1.1222507E8
BTCD,20,5115020.0
BCD,20,1.932791E7
SYS,20,5.942042E7
LTC,20,3.46285127E9
XTZ,20,1396440.0
BITB,20,1523350.0
FLO,20,5202380.0
OF,20,7121440.0
SPHR,20,1050700.0
ARDR,20,3.471603E7
XVG,20,1.527108E8
PURA,20,1.810674E7
BCH,20,6.093821E9
WICC,20,1.323377E8
KMD,20,2.401856E7
BTC,20,4.99214313E10
POA,20,2.731931E7
WAVES,20,2.1723929E8
CNX,20,1.205334E7
OC,20,3.763419E7
EBST,20,1306210.0
IFC,20,2.906381E7
NEBL,20,7.470154E7
BCX,20,4228300.0
BTS,20,2.5839536E8
TX,20,2232450.0
VIA,20,1.055564E7
VTC,20,2.100974E7
IOP,20,8730900.0
PIVX,20,2.321357E7
TPAY,20,2330090.0
EXP,20,9886010.0
ECA,20,1287410.0
MONA,20,1.75798E7
SBTC,20,2.326638E7
DGB,20,2.6823889E8
REE,20,1327090.0
CHAT,20,1.83458E7
OCC,20,2084820.0
QTUM,20,1.165881E9
ETP,20,4.462707E7
DEV,20,2071970.0
XZC,20,1.663505E7
KORE,20,9217910.0
PPC,20,1.340685E7
XDN,20,2.096587E7
MIOTA,20,4.957937E8
ETH,20,1.93490004E10
MUE,20,1026090.0
LET,19,5.298395E7
RVN,19,1036650.0
PIVX,19,6.085455E7
OF,19,8491120.0
RADS,19,4028110.0
SHIFT,19,1608330.0
BTCP,19,2675270.0
HXX,19,1562660.0
XLM,19,1.0586431E9
DASH,19,8.321058E8
IFC,19,4493830.0
XVG,19,4.50844E8
ACT,19,2.983167E8
FRGC,19,9892870.0
KMD,19,3.68762E7
GRC,19,2.006143E7
MIOTA,19,9.741299E8
XMR,19,3.6106806E8
BTCD,19,1075790.0
GRS,19,1.762438E8
VIA,19,1.619136E7
ADA,19,1.398675E9
NEO,19,9.416572E8
ARDR,19,2.713931E7
BCX,19,7510400.0
CLAM,19,1.872027E7
XCP,19,2027040.0
BCN,19,1.01975858E9
WAN,19,1.985183E8
BITB,19,1.337748E7
ELA,19,1.505123E8
RDD,19,1.1269318E8
SC,19,2.5696043E8
EBST,19,2.160944E7
MONA,19,2.145056E7
BTS,19,3.1683867E8
GAME,19,8964290.0
EXP,19,1.415027E7
LBC,19,6798980.0
WAVES,19,2.1979811E8
ARK,19,2.587333E7
SYNX,19,2825900.0
LEO,19,8880960.0
FLO,19,1.472189E7
DOGE,19,2.8542477E8
PASC,19,1436670.0
PURA,19,1.87254E7
EMC,19,1.773026E7
HT,19,6.461768E8
KORE,19,2649260.0
SLS,19,3911390.0
BURST,19,4.683612E7
SBD,19,2.694754E7
DCT,19,1.139884E7
XMO,19,1113580.0
NOTE,19,2466190.0
UBTC,19,3784760.0
PPC,19,1.833233E7
OC,19,2.810382E7
STEEM,19,1.4330364E8
GXS,19,1.037692E8
HSR,19,4.58886E8
CKUSD,19,1.129871E9
XZC,19,1.728822E7
DCR,19,5.940808E7
BLAZR,19,1109100.0
DMC,19,1084260.0
CHAT,19,2.613329E7
WICC,19,1.798381E8
ETH,19,2.247932139E10
ADK,19,1047360.0
ZEC,19,3.9902699E8
SBTC,19,1.474018E7
ETC,19,2.2160981E9
OCC,19,1020620.0
CLOAK,19,2.071016E7
BLK,19,4657700.0
DGB,19,6.526587E7
NXT,19,5.324618E7
ZCL,19,2.372682E7
COLX,19,1480970.0
VTC,19,2.225344E7
ETP,19,3.976684E7
XAS,19,2.18997E7
BTG,19,1.707644E8
USNBT,19,1969470.0
XPM,19,1.8033E7
SKY,19,1.247138E7
NMC,19,1.070428E7
EMC2,19,2.421176E7
OMNI,19,4997110.0
XRP,19,5.37086044E9
TPAY,19,1197270.0
POT,19,4159910.0
XEM,19,2.6224883E8
NEBL,19,7.637653E7
BCH,19,8.707968E9
PART,19,9111020.0
BTC,19,5.669813198E10
LTC,19,4.54630948E9
ETN,19,5066620.0
NXS,19,1050440.0
NAV,19,7650010.0
CNX,19,1.325455E7
FCT,19,3.414806E7
ATMC,19,6.491423E7
POA,19,1.0148973E8
IOP,19,1966150.0
LSK,19,1.5074641E8
SYS,19,2.932514E7
NANO,19,1.1969173E8
FTC,19,1430400.0
TTT,19,1.1393708E8
BCD,19,3.622217E7
ECA,19,4591090.0
BLITZ,19,1796350.0
STRAT,19,9.464774E7
XDN,19,3.383986E7
BAY,19,2349250.0
VIPS,19,1349980.0
XMC,19,1.288323E7
MEC,19,1963480.0
QTUM,19,1.199775E9
EBST,18,3318630.0
TTT,18,8.20163E7
ZBC,18,1427670.0
SBTC,18,4019790.0
WAVES,18,2.836342E8
MONA,18,2.137734E7
SBD,18,4.215836E7
NEBL,18,9.544713E7
KST,18,6087520.0
BITB,18,7778730.0
ARDR,18,5.050868E7
OF,18,8038190.0
LET,18,2.262732E7
FIL,18,6937480.0
XDN,18,5.069516E7
UBTC,18,4728020.0
RVR,18,4303780.0
LEO,18,8812160.0
CLOAK,18,4.123417E7
LTC,18,4.82419356E9
TPAY,18,5303850.0
NANO,18,3.732444E8
NXS,18,1.025169E7
ETP,18,4.030632E7
ZCL,18,5.268814E7
BTS,18,3.5511912E8
DOGE,18,3.0987545E8
XZC,18,2.493304E7
BURST,18,1.502369E7
BTCP,18,8535070.0
CNX,18,1.256218E7
NVC,18,3443250.0
FCT,18,4.799516E7
SYS,18,7.884751E7
ADA,18,1.696802E9
PIVX,18,4.362066E7
ULA,18,1656120.0
WC,18,4114630.0
RDD,18,2.422833E8
XEM,18,2.5842249E8
BLOCK,18,4418150.0
BAY,18,8812900.0
SKY,18,1.028456E7
HSR,18,7.4956E8
WICC,18,2.231853E8
OCC,18,2045490.0
EXP,18,5764490.0
ZEN,18,4101180.0
SC,18,3.0882087E8
XRP,18,5.605936E9
KMD,18,4.397972E7
HT,18,4.483882E8
XCP,18,2511780.0
BCX,18,1.352316E7
PURA,18,1.805842E7
LSK,18,2.9290224E8
QTUM,18,1.899558E9
ARK,18,2.049186E7
XAS,18,3.140474E7
XPM,18,2.387921E7
STRAT,18,1.7063618E8
BLK,18,2353010.0
XLM,18,9.9685211E8
BCD,18,7.236427E7
ASN,18,1272450.0
SLS,18,2.912265E7
ACT,18,3.94391E8
ELA,18,1.625307E8
ETC,18,2.7542347E9
OC,18,4.053893E7
USNBT,18,4281320.0
PINK,18,3396960.0
BCN,18,6.338673E7
EMC2,18,3.357923E7
POT,18,2388140.0
STEEM,18,1.1496734E8
CLAM,18,1.276457E7
BTX,18,1323100.0
BTC,18,6.32220738E10
FRGC,18,8974790.0
NAV,18,1.364111E7
GAME,18,1.037846E7
ATB,18,1172830.0
CHAT,18,8.065095E7
RVN,18,1197660.0
SYNX,18,6521830.0
EMC,18,1.467285E7
GXS,18,1.168734E8
WAN,18,2.138479E8
DCR,18,9.928614E7
BCH,18,8.547092E9
PPC,18,3.029184E7
XMC,18,2.400054E7
XTZ,18,1101230.0
MIOTA,18,9.885986E8
NEO,18,1.39046838E9
POA,18,7.391995E7
ION,18,1164890.0
NMC,18,1.96602E7
GRS,18,1.0649116E8
DGB,18,7.236406E7
MEME,18,1245820.0
CKUSD,18,1.325402E9
NXT,18,9.594459E7
VIA,18,5.284247E7
DASH,18,9.941326E8
PART,18,1.324162E7
ZEC,18,5.3176474E8
BTG,18,2.735886E8
DCT,18,1.588907E7
ETN,18,1.846678E7
XVG,18,1.1365968E9
ETH,18,2.41311088E10
VIPS,18,6777270.0
OMNI,18,9563050.0
VTC,18,2.293373E7
OK,18,1529340.0
ADK,18,1085610.0
ATMC,18,4.169496E7
XMR,18,6.9256801E8
IOP,18,1197490.0
PASC,18,3170650.0
CLOAK,17,3.295004E7
FIL,17,5901810.0
SYS,17,9.043878E7
BCD,17,1.567598E8
QTUM,17,1.879416E9
DCT,17,8163030.0
NEBL,17,1.059857E8
XEM,17,4.0652799E8
STRAT,17,1.3257591E8
ATB,17,2.169305E7
GAME,17,1.641701E7
ZEN,17,7778140.0
FCT,17,3.663101E7
NAV,17,1.8064E7
USNBT,17,9271960.0
BSD,17,2.77625E7
SBTC,17,3.208487E7
EMC,17,1.677299E7
HSR,17,6.114192E8
NMC,17,6889920.0
NXT,17,4.418968E7
BTS,17,2.4854196E8
NXS,17,1.874849E7
BITB,17,5858120.0
UNB,17,1049790.0
EXP,17,1091620.0
ZCL,17,2.05406E8
PINK,17,2639490.0
BAY,17,2.362883E7
EBST,17,6807150.0
PIVX,17,4.446429E7
POA,17,1.1057586E8
BCN,17,4.261096E7
UBTC,17,8058860.0
BCX,17,1.546162E7
BTCD,17,4614180.0
XEL,17,1058260.0
DASH,17,9.780992E8
OMNI,17,4062650.0
XTZ,17,6072590.0
SKY,17,1.228647E7
BOS,17,2791340.0
ARDR,17,6.142498E7
BCH,17,9.864635E9
ETH,17,2.232042008E10
KST,17,7960400.0
FRGC,17,9985520.0
ETN,17,1.035408E7
ATMC,17,2.684626E7
CHAT,17,4.914309E7
MONA,17,6.243576E7
TX,17,4221440.0
VTC,17,1.697043E7
SC,17,9.4023502E8
ACT,17,3.760428E8
DOGE,17,2.9459396E8
ETC,17,2.3500613E9
ION,17,9333410.0
LEO,17,9098560.0
XPM,17,1.767142E7
CKUSD,17,1.327437E9
ARK,17,3.171844E7
HT,17,4.370839E8
STEEM,17,5.1210527E8
GRS,17,2.138825E8
DCR,17,7.247565E7
BTG,17,5.04484E8
PART,17,1.797985E7
XMO,17,1.837739E7
NEO,17,1.49886352E9
IOP,17,1295360.0
BTCP,17,1.113562E7
WAN,17,1.983593E8
TPAY,17,9968690.0
XRP,17,7.53478155E9
VIA,17,4.642327E7
NANO,17,1.443368E8
AUR,17,1140510.0
PURA,17,2.012549E7
XMC,17,7.441511E7
XLM,17,9.1773635E8
WAVES,17,3.535098E8
LTC,17,3.62406156E9
RVR,17,1.386809E7
PPC,17,5829730.0
BURST,17,1082730.0
DGB,17,6.424026E7
XAS,17,1.614257E7
BLK,17,4291200.0
XDN,17,3.932771E7
XWC,17,1050300.0
ZEC,17,5.7323013E8
XBC,17,1366030.0
BTC,17,6.526411753E10
XHV,17,1528290.0
XVG,17,7.31062E8
UBQ,17,8291110.0
SPHR,17,2777180.0
LET,17,3.961815E7
SBD,17,1.6829156E8
LSK,17,2.1106992E8
ZOI,17,1095390.0
SLS,17,1.215395E7
OC,17,5.583492E7
MIOTA,17,6.530898E8
KORE,17,1314200.0
KMD,17,3.351147E7
ETP,17,4.239873E7
WICC,17,1.132638E8
RDD,17,1.6444726E8
EMC2,17,7.266356E7
GXS,17,1.04589E8
XMR,17,8.9383647E8
OCC,17,2652700.0
XZC,17,2.419229E7
ADA,17,2.574353E9
CNX,17,1.215326E7
NVC,17,3860620.0
ELA,17,1.405161E8
OF,17,1.477028E7
QTUM,16,1.462069E9
SYS,16,4.62541E7
BTG,16,2.927537E8
VTC,16,2.222914E7
TPAY,16,1.023774E7
XMY,16,3495510.0
NXS,16,3.057017E7
XPM,16,4324640.0
PINK,16,4101640.0
STEEM,16,1.2320522E8
EXP,16,1.284647E7
SBD,16,1.1332558E8
SBTC,16,1528970.0
PURA,16,1.886543E7
CHAT,16,6.578033E7
ETN,16,8374130.0
VRC,16,9492700.0
BTS,16,2.2630506E8
WICC,16,1.097127E8
MEME,16,1135620.0
HSR,16,2.800395E8
WAN,16,1.319076E8
GAME,16,1.940276E7
MIOTA,16,5.518482E8
BCD,16,8.67321E7
ZCL,16,3623410.0
ETC,16,1.35329367E9
BSR,16,8796510.0
HXX,16,1161480.0
XMO,16,2540910.0
ELA,16,1.470719E8
NAV,16,1.44572E7
MUE,16,1202480.0
XWC,16,1120680.0
STRAT,16,9.159763E7
CNX,16,1.096094E7
ATB,16,2.547442E7
DCR,16,9.91436E7
GXS,16,9.5788E7
IOP,16,7103360.0
SC,16,2.089857E8
PART,16,2.675727E7
LUX,16,1091010.0
XEM,16,4.6459136E8
DASH,16,7.5597485E8
LBC,16,1810430.0
XBC,16,1267030.0
EBST,16,2906990.0
BITB,16,1.246035E7
MONA,16,2.053046E7
SKY,16,1.770607E7
OK,16,3508830.0
OC,16,3.212643E7
ZEN,16,1.008462E7
WAVES,16,2.067563E8
LSK,16,1.8982995E8
DGB,16,5.68859E7
ECA,16,3406750.0
WC,16,1143290.0
FCT,16,4.88666E7
DOGE,16,1.8178827E8
LTC,16,3.77819626E9
XDN,16,3.814156E7
ADA,16,2.426734E9
NMC,16,4936000.0
EMC,16,9.357727E7
EMC2,16,1.705694E8
OF,16,1.484112E7
BLK,16,2.279586E7
XAS,16,9087920.0
ZET,16,1116060.0
FIL,16,3790620.0
DYN,16,3461620.0
TX,16,2265660.0
FRGC,16,1.056062E7
UBQ,16,1.09942E7
XLM,16,8.932441E8
CKUSD,16,8.005891E8
DCT,16,1.604612E7
OMNI,16,7706730.0
SIB,16,1667860.0
ACT,16,1.922863E8
ZEC,16,4.8035168E8
GRS,16,7.654536E8
ATMC,16,1.622923E8
NXT,16,4.345974E7
RVR,16,1.567005E7
ION,16,1.01075E7
XRP,16,7.43363113E9
RADS,16,5596320.0
XZC,16,2.362817E7
BAY,16,1.092876E7
BTCP,16,5115350.0
BCH,16,5.075158E9
RDD,16,1.667271E8
GBYTE,16,1156180.0
NEO,16,1.02383E9
ARDR,16,5.488325E7
XMR,16,7.4998273E8
XVG,16,2.6805027E9
HT,16,4.844824E8
BCX,16,1.741723E7
VIA,16,2.142239E7
ETH,16,1.59262678E10
KORE,16,2088740.0
SPHR,16,7649000.0
PPC,16,5584320.0
NEBL,16,9.16331E7
SLS,16,2.00852E7
CLOAK,16,8.279399E7
ETP,16,4.561153E7
PIVX,16,5.454058E7
SYNX,16,1581430.0
BCC,16,1048750.0
BTC,16,5.14764604E10
NANO,16,1.35379E8
BCN,16,4.326175E7
KMD,16,3.701702E7
POA,16,6.139633E7
USNBT,16,2.396014E7
ARK,16,4.045596E7
LET,16,4.415147E7
BURST,16,8263980.0
LEO,16,6920020.0
NVC,15,1749060.0
ARDR,15,2.632934E7
CHAT,15,2.378188E7
KORE,15,2737160.0
LTC,15,2.82635786E9
ETH,15,1.294405576E10
XLM,15,4.9965984E8
IOP,15,1393410.0
VRC,15,1060400.0
CLOAK,15,1.057069E7
RADS,15,2.348722E7
FTC,15,1272860.0
STEEM,15,1.9380321E8
RVN,15,2017920.0
WAN,15,2.235061E8
WICC,15,8.161766E7
POA,15,7.912576E7
OF,15,9384440.0
BURST,15,5486300.0
HXX,15,1801820.0
EXP,15,1638510.0
OC,15,3.335142E7
ARK,15,2.699298E7
ION,15,1.015946E7
FCT,15,2.168126E7
SYNX,15,1.909058E7
ACT,15,9.977623E7
BSR,15,3140290.0
PART,15,2.83072E7
XEL,15,1.027982E7
DYN,15,3017210.0
NEBL,15,7.543914E7
BLOCK,15,1253920.0
QTUM,15,1.2785389E9
XMR,15,3.5187181E8
ZEC,15,3.8114788E8
XDN,15,3.123597E7
GXS,15,1.0919727E8
MONA,15,9729660.0
TX,15,1.615093E7
BCD,15,2.272186E7
NAV,15,1.047555E7
XPM,15,4641500.0
ETC,15,9.5873872E8
NXT,15,4.8369638E8
ELA,15,1.536311E8
UBQ,15,3.53862E7
ZEN,15,5902100.0
MIOTA,15,4.244181E8
BCN,15,3.365306E7
MUE,15,2950170.0
XMY,15,3129200.0
ETP,15,8614910.0
NEOS,15,3354040.0
XEM,15,2.6817349E8
POT,15,8296570.0
STRAT,15,7.993023E7
BITB,15,1.45849E7
ATMC,15,3.034756E8
RVR,15,2.14442E7
HSR,15,1.527449E8
DCT,15,1.659429E7
KMD,15,4.0612E7
PIVX,15,4.264307E7
VIA,15,7.017399E7
SYS,15,2.940666E7
CKUSD,15,2.589133E8
XAS,15,1005740.0
BAY,15,2.836742E7
CNX,15,9688110.0
XZC,15,1.377952E7
BCC,15,3028630.0
OMNI,15,3720450.0
ADA,15,1.2422265E9
EMC2,15,5.548308E7
VTC,15,2.64239E7
ATB,15,1.85174E7
SBD,15,1.0769145E8
FRGC,15,1.067958E7
GAME,15,1.123631E7
PPC,15,1355110.0
NEO,15,1.2043353E9
HT,15,6.311817E8
PURA,15,1.864872E7
GRS,15,1.9253536E8
UNB,15,8268650.0
BCH,15,2.128022E9
RDD,15,9.236404E7
SLS,15,4.057428E7
OK,15,4710270.0
NXS,15,1.570068E7
SC,15,1.5012203E8
LSK,15,1.6226353E8
BTC,15,4.33595712E10
LBC,15,3220670.0
NOBL,15,1954510.0
BLK,15,3505380.0
ETN,15,2490460.0
OCC,15,4227580.0
MEME,15,9007540.0
WAVES,15,1.532821E8
WC,15,1.200289E7
EXCL,15,3817980.0
BTG,15,1.0685744E8
BTCP,15,1069420.0
LET,15,4.219736E7
SKY,15,3.265494E7
USNBT,15,7.781614E7
SHIFT,15,8907890.0
DASH,15,6.795267E8
BTS,15,1.7103681E8
SPHR,15,4797540.0
DGB,15,4.213934E7
DCR,15,1.2216733E8
DOGE,15,1.0481093E8
TIPS,15,1012490.0
XRP,15,4.67372425E9
EMC,15,1178490.0
XVG,15,1.410342E9
NANO,15,1.2417302E8
WAVES,14,1.304257E8
GXS,14,3519690.0
NAV,14,1857990.0
QTUM,14,6.728149E8
BCD,14,2.397555E7
PURA,14,1.15304E7
FCT,14,1.114114E7
UNB,14,2896670.0
NEBL,14,6.345445E7
ATMC,14,4.317303E8
ARK,14,2.158138E7
PIVX,14,2.718419E7
STRAT,14,7.49496E7
SIB,14,2090050.0
CLAM,14,1881740.0
ARDR,14,9.18979E7
BLK,14,1743100.0
VTC,14,3.839482E7
ATB,14,1.643913E7
VIA,14,7362640.0
ADA,14,6.78018E8
MEME,14,1029880.0
NEO,14,4.263363E8
ETC,14,7.7727892E8
DGB,14,1.232406E7
FRGC,14,8844000.0
OCC,14,1017880.0
SYS,14,7397130.0
WC,14,1.187894E7
RADS,14,2.892018E7
GAME,14,1342910.0
HSR,14,9.69877E7
BTC,14,3.52818899E10
LSK,14,2.071013E8
OC,14,2.425076E7
EMC2,14,6.252322E7
XRP,14,2.57624359E9
RBY,14,3033110.0
TPAY,14,1515520.0
GRS,14,7.199709E8
SBD,14,2.2158081E8
CLOAK,14,1371640.0
XBC,14,1609250.0
BTS,14,7.439274E7
HT,14,7.51836E8
XZC,14,1.256422E7
SC,14,4.042523E7
ETP,14,2266640.0
LTC,14,2.92948246E9
DOGE,14,5.81859E7
IOP,14,1598080.0
NANO,14,5.873607E7
ETH,14,8.79091627E9
OK,14,5306970.0
TX,14,2170730.0
WICC,14,2.842143E7
DASH,14,6.5038669E8
ACT,14,4.525497E7
OF,14,3679450.0
OMNI,14,2704880.0
LET,14,3.443843E7
BCH,14,1.767991E9
XDN,14,2.144997E7
KMD,14,2.312143E7
DCR,14,9542890.0
W3C,14,4904520.0
SPHR,14,1521390.0
NXS,14,5777900.0
XMR,14,2.9540797E8
EXCL,14,3425650.0
BTX,14,1.005384E7
ZEN,14,6124720.0
HUC,14,4183980.0
NMC,14,2817560.0
BURST,14,1803450.0
ELA,14,9.77713E7
NXT,14,1.487965E7
MONA,14,9387710.0
POA,14,1.1467625E8
CHAT,14,1.731633E7
BAY,14,1769500.0
SLS,14,4.894441E7
XVG,14,1.0092839E9
EXP,14,2447180.0
EDR,14,3343450.0
ION,14,8243820.0
PART,14,1.81383E7
MUE,14,1528880.0
BITB,14,1131620.0
RDD,14,2.618448E7
BTG,14,7.55896E7
XLM,14,3.4632337E8
RVR,14,5064660.0
XPM,14,1970990.0
USNBT,14,1.2437917E8
WAN,14,6.90779E7
CNX,14,8787940.0
STEEM,14,1.0368912E8
ETN,14,4384230.0
ZEC,14,3.017778E8
DYN,14,1.5251E7
SHIFT,14,4711390.0
BCN,14,6848660.0
MIOTA,14,1.470609E8
DCT,14,1271220.0
XEM,14,2.3524183E8
OMNI,13,1168470.0
NEBL,13,7.702247E7
OC,13,4.315366E7
ZEN,13,2091620.0
PIVX,13,4.757603E7
EDR,13,1284190.0
C2,13,2657860.0
LBC,13,2420910.0
XMR,13,3.4050302E8
EXCL,13,1032260.0
ZCL,13,8054150.0
QTUM,13,9.316914E8
BCN,13,2.091844E7
CLAM,13,1323970.0
LSK,13,1.4441128E8
XLM,13,3.2910711E8
SLS,13,3.706839E7
BAY,13,1.069115E7
WICC,13,2.932126E7
SBD,13,7490610.0
VTC,13,3352640.0
DCR,13,1.492704E7
ETC,13,1.18902285E9
ZEC,13,3.8956571E8
XBC,13,2.761225E7
NMC,13,2663020.0
NXS,13,5301710.0
ACT,13,3.60492E7
SC,13,4.196966E7
WAVES,13,1.305545E8
KMD,13,6647750.0
ETP,13,8977300.0
EMC2,13,9462640.0
BTS,13,5.158917E7
STEEM,13,1.473655E7
XTZ,13,2682090.0
SPHR,13,2472000.0
RDD,13,1.539515E7
ARDR,13,1.508512E7
ATMC,13,3.884219E8
BCH,13,2.51828E9
VIA,13,2880470.0
POA,13,4.382661E7
MUE,13,2764590.0
BLK,13,2414170.0
NAV,13,3951790.0
BCX,13,3727810.0
ARK,13,5222750.0
GAME,13,2793370.0
HT,13,7.960943E8
SYNX,13,1219430.0
NOBL,13,2365740.0
RVN,13,1238850.0
WAN,13,8.885716E7
GXS,13,1.415293E7
POT,13,1817880.0
ADA,13,7.225638E8
RADS,13,1.303668E7
ELA,13,9.60546E7
SKY,13,1305160.0
ION,13,3414030.0
XEM,13,1.7129849E8
ATB,13,1.471516E7
CHAT,13,2.437349E7
USNBT,13,7314060.0
XAS,13,3326910.0
BTC,13,4.13850311E10
NANO,13,1.2878116E8
SYS,13,7.512886E7
PINK,13,1162100.0
BTG,13,9.553088E7
VRC,13,1783150.0
PASC,13,1198400.0
XEL,13,1165440.0
RVR,13,2219270.0
MONA,13,8893470.0
HSR,13,1.172973E8
NEO,13,7.376103E8
DGB,13,1.193835E7
BITS,13,2215930.0
DASH,13,8.413547E8
FRGC,13,9531540.0
MIOTA,13,2.273344E8
LTC,13,3.19290909E9
W3C,13,6042700.0
BTX,13,1.292791E7
LET,13,3.442103E7
BCD,13,2.233771E7
BITB,13,1240290.0
ETN,13,1.185285E7
XZC,13,1111040.0
BTCD,13,1.797719E7
FCT,13,2.497816E7
XDN,13,1.71684E7
XRP,13,2.89726144E9
NXT,13,1.368834E7
CNX,13,4746770.0
DOGE,13,5.450455E7
UNB,13,1865150.0
STRAT,13,5.420808E7
ETH,13,1.212812557E10
OF,13,1.027249E7
XVG,13,4.260142E8
XAS,12,2.624882E7
VTC,12,1.498258E7
PIVX,12,4.297563E7
NEBL,12,1.1875743E8
RADS,12,2489350.0
DCT,12,1379450.0
WAVES,12,1.459584E8
MAX,12,1340370.0
FCT,12,2.274829E7
XEL,12,2188840.0
XLM,12,4.5074313E8
VRC,12,1160230.0
SBD,12,3.049768E7
XEM,12,8.0754979E8
BITB,12,4852920.0
BTS,12,5.734156E7
CHAT,12,2.473373E7
PPC,12,1136220.0
NXS,12,1.427454E7
OF,12,1.201047E7
MONA,12,1.098807E7
SDC,12,1604410.0
XDN,12,2.72703E7
HT,12,4.990728E8
SYS,12,6649730.0
XMR,12,3.9155461E8
MLM,12,1478910.0
ION,12,1059540.0
DOGE,12,5.154935E7
IOP,12,1316420.0
POA,12,3.889355E7
BCH,12,2.466943E9
BTC,12,4.41088333E10
BCN,12,2.346326E7
USNBT,12,6.720689E7
RVR,12,9920760.0
GXS,12,2.365584E7
STRAT,12,7.15523E7
GRS,12,8734110.0
ZEC,12,4.0573665E8
ARK,12,1.572728E7
ETC,12,1.80867214E9
NANO,12,2.851877E8
SLS,12,4.512227E7
ADA,12,1.3717324E9
ETH,12,1.245402658E10
HSR,12,1.51158E8
LET,12,3.628092E7
NEO,12,1.1834962E9
BCD,12,3.055962E7
MIOTA,12,3.026802E8
ETN,12,1.242214E7
EMC2,12,5.378333E7
ELA,12,1.039575E8
XVG,12,2.4061417E8
KMD,12,1.612577E7
ATMC,12,3.045696E8
NXT,12,1.670773E7
OC,12,8.919051E7
DCR,12,1.838651E7
MUE,12,2924550.0
BTX,12,1.70542E7
QTUM,12,2.275188E9
WC,12,1118450.0
W3C,12,1.887172E7
UNB,12,2312070.0
XRP,12,3.96497166E9
SHIFT,12,1504170.0
DGB,12,1.617945E7
OMNI,12,4139480.0
VIA,12,1.147409E7
LTC,12,2.92189737E9
WAN,12,2.363117E8
ARDR,12,2.457569E7
KORE,12,4304170.0
FRGC,12,9466550.0
RDD,12,3.120178E7
SC,12,5.549143E7
XZC,12,8261600.0
FTC,12,1282300.0
ETP,12,1.256853E7
ATB,12,1.603996E7
WICC,12,2.64476E7
STEEM,12,3.138929E7
BTG,12,2.11448E8
LINDA,12,1086330.0
LSK,12,1.7461293E8
DASH,12,9.596437E8
NAV,12,7641820.0
ACT,12,3.838455E7
XTZ,12,1218370.0
ADA,11,9.997486E8
DCR,11,6425510.0
NEO,11,1.0223897E9
SLS,11,4.768976E7
OMNI,11,3659550.0
XMR,11,6.239362E8
ZEN,11,4038160.0
BCD,11,3.904164E7
ION,11,1479280.0
ZCL,11,8974350.0
NVC,11,3816660.0
SDC,11,1.74383E7
TX,11,1817530.0
SYNX,11,4039140.0
BTS,11,5.957369E7
OF,11,1072150.0
NANO,11,2.629849E8
NMC,11,1.140344E7
ARDR,11,3.444824E7
FCT,11,3.625821E7
SBD,11,2.592804E7
SYS,11,1.849773E7
BCN,11,2.280673E7
ACT,11,4.367883E7
GXS,11,4.494136E7
USNBT,11,1.737305E8
BURST,11,1112520.0
ARK,11,1.590487E7
RVR,11,2.329692E7
DOGE,11,6.358211E7
BITB,11,1.869932E7
BTCP,11,1210660.0
EMC2,11,1.9657182E8
VTC,11,5751820.0
ZEC,11,4.0129055E8
LSK,11,1.7530359E8
MONA,11,1.53627E7
DASH,11,1.0302855E9
BTC,11,4.623615497E10
XEL,11,1015570.0
VIA,11,1.632782E7
STEEM,11,4.868154E7
ETN,11,1.49595E7
NEBL,11,4.846944E7
GBYTE,11,2065260.0
W3C,11,3.516962E7
KMD,11,7994850.0
PASC,11,1238920.0
XRP,11,3.77644176E9
MUE,11,1.612175E7
XDN,11,2.189078E7
SC,11,3.129369E7
LTC,11,3.65233848E9
PPC,11,5046690.0
UBQ,11,1050400.0
WICC,11,2.850157E7
KORE,11,1517080.0
NXS,11,2.055935E7
ATMC,11,4.00768E8
DFT,11,2102660.0
RDD,11,3.009201E7
ATB,11,1.518998E7
ETC,11,1.64068717E9
NXT,11,1.846354E7
DGB,11,1.686539E7
ETH,11,1.43749503E10
STRAT,11,4.104465E7
XLM,11,3.05914E8
FRGC,11,7484820.0
HT,11,5.462406E8
XEM,11,6.7519365E8
NAV,11,1765540.0
CHAT,11,5.98744E7
LET,11,3.564478E7
GRS,11,8781130.0
WAVES,11,1.580883E8
ETP,11,9814510.0
LBC,11,1087530.0
QTUM,11,7.932756E8
XVG,11,6.335179E7
BCH,11,2.983362E9
PIVX,11,7051140.0
ELA,11,1.2657644E8
MIOTA,11,3.199082E8
BTX,11,1.343869E7
BTG,11,1.588683E8
OC,11,9.082512E7
POA,11,1.375263E7
UNB,11,4069250.0
XZC,11,1.855065E7
HSR,11,1.236387E8
XAS,11,1.259945E7
BTS,10,1.0183247E8
BSD,10,2362570.0
NANO,10,4.224275E8
VRC,10,3.455111E7
NEBL,10,3.905579E7
XMR,10,8.7770636E8
PPC,10,4921490.0
ZEC,10,4.2370954E8
XZC,10,1.925836E7
EMC,10,1096290.0
RADS,10,2994930.0
XAS,10,1.177833E7
EDR,10,3428640.0
DYN,10,3016130.0
MONA,10,2.409579E7
SIB,10,3501920.0
MEME,10,1836740.0
HSR,10,2.288368E8
DOGE,10,1.0832347E8
GRS,10,1092400.0
ETC,10,3.11862527E9
GXS,10,3.887529E7
KORE,10,3.406407E7
QTUM,10,8.809751E8
SLS,10,2.0661112E8
VTC,10,1.670234E7
DCT,10,7752320.0
ETP,10,1.299516E7
AUR,10,8928580.0
BITB,10,1.56116E7
SC,10,4.268249E7
BTX,10,1.122845E7
LET,10,3.960228E7
UNB,10,2.672233E7
LBC,10,7942300.0
MUE,10,8499500.0
BCX,10,6233800.0
RVR,10,1.301504E7
SBC,10,1583810.0
POA,10,2.815014E7
CLOAK,10,1.746044E7
EXP,10,7261380.0
ELA,10,1.6132171E8
DASH,10,9.3511323E8
CPC,10,1712080.0
VIA,10,3.1763188E8
XVC,10,1020730.0
BAY,10,2175790.0
BLOCK,10,5602720.0
OF,10,7171130.0
XLM,10,3.571128E8
NXS,10,1.3362012E8
SBD,10,2.343718E7
OK,10,4072240.0
BCD,10,1.3316279E8
CHAT,10,3.10941E7
$PAC,10,1628290.0
ETH,10,1.38425702E10
FRGC,10,5169030.0
ZCL,10,9.359205E7
LSK,10,1.950915E8
NEO,10,1.333796E9
XDN,10,2.915702E7
KMD,10,1.265269E7
SHIFT,10,8232490.0
BURST,10,9147100.0
CLUB,10,1988180.0
TX,10,2.811297E7
MZC,10,1043060.0
SYS,10,1.892141E7
ADA,10,1.208931E9
BLK,10,9598830.0
EXCL,10,7884530.0
DGB,10,1.793079E7
STEEM,10,3.542904E7
BCH,10,3.049025E9
DCR,10,5553150.0
ATB,10,1.875694E7
ION,10,2.596581E7
BTC,10,5.27843538E10
UBTC,10,1079720.0
XEL,10,2049380.0
SPHR,10,5249580.0
LTC,10,5.01769828E9
ZEN,10,9421330.0
ATMC,10,6.173866E8
PIVX,10,1.342808E7
ARK,10,1.180495E7
UBQ,10,6962770.0
ARDR,10,2.30095E7
OC,10,8.956846E7
NMC,10,1183350.0
PURA,10,1899720.0
FTC,10,9790510.0
XVG,10,9.426321E7
GBYTE,10,8237850.0
MIOTA,10,3.114346E8
USNBT,10,1.3253328E8
GAME,10,1.129383E7
WAVES,10,1.7530713E8
XEM,10,2.9370694E8
BCN,10,2.744326E7
FCT,10,5.111262E7
HT,10,7.734777E8
MLM,10,2205640.0
NXT,10,4.214049E7
WICC,10,2.464184E7
W3C,10,9361300.0
BTG,10,1.640785E8
ETN,10,1.025127E7
PART,10,9535440.0
NAV,10,1.518378E7
STRAT,10,5.509652E7
XRP,10,5.78907732E9
ACT,10,3.614583E7
IOP,10,5366090.0
EMC2,10,7389500.0
OMNI,10,7293390.0
RDD,10,4.275526E7
HSR,9,2.987888E8
GRS,9,4425800.0
DCT,9,8172690.0
XVG,9,2.092909E8
WAVES,9,1.5409E8
KORE,9,5.866914E7
BLK,9,1.772618E7
GAME,9,2.821852E7
LSK,9,2.780757E8
MONA,9,2.263006E7
GXS,9,4.755639E7
ETP,9,1.608436E7
W3C,9,3.949795E7
DASH,9,8.8178178E8
BSD,9,1886310.0
RADS,9,1.328078E7
RDD,9,1.3481956E8
PIVX,9,1.874571E7
USNBT,9,4.716307E7
SHIFT,9,8537260.0
BTS,9,9.083872E7
UNB,9,1.1092059E8
ACT,9,4.440043E7
EMC2,9,7996010.0
KMD,9,2.488856E7
PPC,9,3489980.0
XTZ,9,1583130.0
FCT,9,4.658793E7
EXCL,9,2.645181E7
SLS,9,2.911929E8
DGB,9,2.911176E7
OC,9,4.367053E7
LET,9,4.772567E7
NXS,9,3.0476014E8
NAV,9,9468280.0
XMR,9,7.5459975E8
BTC,9,5.154610666E10
BTX,9,1.223644E7
OK,9,3.275234E7
SBD,9,3.219122E7
FRGC,9,5587940.0
ION,9,1.4395622E8
SIB,9,1.305291E7
NEBL,9,8.180846E7
UBQ,9,1992050.0
BTG,9,1.794077E8
ZEN,9,2.206483E7
ZEC,9,3.9172322E8
PART,9,2.068221E7
XDN,9,3.950576E7
VIA,9,1.679065E7
LBC,9,2.070253E7
STEEM,9,4.582623E7
BCH,9,2.899381E9
XEM,9,1.799184E8
BCN,9,2.874359E7
NXT,9,2.447882E7
DYN,9,2.217608E7
ADA,9,9.25014E8
MLM,9,8966070.0
XLM,9,3.573624E8
BOS,9,3862110.0
IOP,9,1.168717E7
RVR,9,6.103879E7
TX,9,9.968847E7
ZBC,9,3014040.0
UBTC,9,3294920.0
XAS,9,1.389887E7
BAY,9,2.003769E7
BLOCK,9,7155680.0
ETC,9,4.07493117E9
MUE,9,1256310.0
STRAT,9,7.519747E7
NANO,9,8.148042E8
MINT,9,3055410.0
QTUM,9,8.383164E8
NMC,9,3397810.0
VTC,9,1.602145E7
SPHR,9,4.565392E7
ETN,9,2.032747E7
EXP,9,4.102956E7
ARK,9,2.802201E7
CHAT,9,2.332393E7
MNTP,9,1108070.0
SYS,9,2.156668E7
ETH,9,1.382967502E10
ARDR,9,2.734259E7
ATB,9,2.074674E7
WICC,9,2.738064E7
DOGE,9,1.2459974E8
EMC,9,1004940.0
SYNX,9,1.035646E7
XP,9,2356410.0
MIOTA,9,2.694202E8
PURA,9,1539360.0
POA,9,1.4479614E8
EDR,9,8731650.0
ELA,9,5.550406E8
RIC,9,6130270.0
XRP,9,2.94013002E9
SC,9,8.036395E7
ZCL,9,2.6679704E8
CLOAK,9,4.535417E7
LTC,9,5.58896321E9
HTML,9,1958300.0
BCD,9,4.131654E7
BURST,9,1.451288E7
MEME,9,1.931033E7
MUSIC,9,1527350.0
XEL,9,2297860.0
BITB,9,1.0040189E8
GBYTE,9,5241730.0
XZC,9,2.731824E7
VRC,9,6.54102E7
NEO,9,1.777787E9
OF,9,1.820617E7
LCC,9,3572660.0
DCR,9,7605580.0
HT,9,1.077231E9
ATMC,9,5.570808E8
FTC,9,1.121603E7
SC,8,1.3999637E8
WAVES,8,2.18032E8
ACT,8,6.277373E7
FRGC,8,1.07983E7
NAV,8,5568860.0
BTG,8,2.699973E8
W3C,8,3.119159E7
VRC,8,1280380.0
MEME,8,3539330.0
ATB,8,2.529631E7
USNBT,8,1.0168122E8
XVG,8,2.759097E8
BCN,8,2.986796E7
SBTC,8,3612910.0
XCP,8,2940440.0
ARDR,8,7.621944E7
BTC,8,5.74405506E10
UBTC,8,5753280.0
NXS,8,1.557034E7
SBD,8,8.865937E7
RDD,8,3.2780837E8
OMNI,8,8652120.0
BITB,8,1.4064981E8
ADA,8,1.505777E9
XAS,8,1.380132E7
ETN,8,1.459953E7
EDR,8,9973200.0
BTS,8,1.0775863E8
SYS,8,2.161493E7
MAX,8,4319870.0
GRS,8,2745980.0
LET,8,5.241017E7
THC,8,2592650.0
ZCL,8,1.551128E8
DOGE,8,2.4291176E8
GAME,8,1.634795E7
QTUM,8,1.0241773E9
MIOTA,8,3.711197E8
RVR,8,9196700.0
OK,8,2241380.0
MONA,8,3.451558E7
XZC,8,3.403677E7
ION,8,5040090.0
LCC,8,6268030.0
EMC,8,3427690.0
LTC,8,7.79953681E9
ZEC,8,5.2741504E8
DGB,8,3.303169E7
XTZ,8,9717540.0
ARK,8,1.792992E7
ETP,8,1.840841E7
ADK,8,2.156023E7
NXT,8,4.847822E7
XRP,8,4.87318547E9
EMC2,8,1.349008E7
NANO,8,1.0562387E9
DCR,8,7317940.0
NEO,8,1.304123E9
XDN,8,5.085972E7
VIA,8,1.348834E7
XP,8,1261710.0
STRAT,8,1.0329009E8
ETH,8,1.550583353E10
GBYTE,8,1.050751E7
DCT,8,4128510.0
DASH,8,7.2970139E8
IOP,8,3370060.0
BCD,8,4.285318E7
VTC,8,2.982008E7
MUE,8,1508240.0
BCX,8,4358420.0
HSR,8,4.918881E8
RADS,8,1299980.0
RIC,8,2021340.0
BAY,8,5528150.0
BTX,8,1.041541E7
HT,8,1.064927E9
XMR,8,6.2833662E8
WICC,8,1.3491407E8
KMD,8,2.793942E7
NEBL,8,4.969593E7
ELA,8,6.926565E8
PIVX,8,2.20092E7
GXS,8,5.886819E7
OC,8,5.70075E7
XLM,8,4.974434E8
BOS,8,2267780.0
CME,8,1018830.0
ETC,8,6.9341733E9
ATMC,8,5.961144E8
CLOAK,8,2940570.0
XEM,8,3.166852E8
OF,8,2.92243E7
LSK,8,7.211963E8
FCT,8,3.335405E7
BCH,8,3.718756E9
CHAT,8,4.459712E7
BURST,8,7928740.0
ZEN,8,2488500.0
HTML,8,7060100.0
STEEM,8,8.862987E7
RDD,7,1.302782E7
KMD,7,9.100536E7
GRS,7,2.538911E7
FCT,7,3.409731E7
STRAT,7,1.472035E8
VTC,7,3.899896E7
XCP,7,8038270.0
WICC,7,3.152871E8
ADK,7,2.239059E7
BCD,7,6.072847E7
BCN,7,2.93741E7
XLM,7,7.885602E8
CHAT,7,8.146659E7
ZEC,7,5.766868E8
ETH,7,1.772599083E10
FRGC,7,5308490.0
ADA,7,1.901234E9
DCR,7,4344990.0
LET,7,6.04251E7
BURST,7,1.184507E7
ZEN,7,2622850.0
OF,7,1.6490906E8
MONA,7,7.000246E7
SBD,7,2.311428E8
XEM,7,5.332297E8
MIOTA,7,3.159278E8
EMC,7,8632140.0
GAME,7,1.327523E7
HT,7,1.389121E9
BCH,7,4.551784E9
NAV,7,1.388563E7
BITB,7,1134640.0
EXCL,7,4666360.0
PIVX,7,5.571088E7
GBYTE,7,1187000.0
NMC,7,9019090.0
SC,7,1.5263693E8
SYS,7,2.159586E7
UBQ,7,1026180.0
BAY,7,3219040.0
ACT,7,6.54154E7
DGB,7,3.78426E7
ARK,7,3.717066E7
NXT,7,8.703414E7
SYNX,7,5942350.0
UBTC,7,1.166954E7
SHIFT,7,1465410.0
OC,7,4.415993E7
BTX,7,1.086207E7
ELA,7,4.794429E8
EMC2,7,6.281214E7
XVG,7,5.730481E8
WDC,7,1054470.0
XMR,7,5.8003829E8
LSK,7,6.460485E8
XRP,7,8.20133064E9
PPC,7,1.57101E7
DOGE,7,2.0873678E8
NEO,7,1.585251E9
XTZ,7,4452340.0
HSR,7,5.216571E8
ATB,7,2.15495E7
ETC,7,4.70681077E9
LTC,7,8.8153256E9
HTML,7,1013890.0
NEOS,7,1408390.0
EDR,7,7021820.0
ETP,7,1.967703E7
WAVES,7,2.376199E8
XAS,7,9149740.0
BTG,7,4.570078E8
MAX,7,1.491559E7
RVR,7,1.599651E7
THC,7,7365580.0
ZCL,7,1.3853744E8
NANO,7,2.489916E8
BTC,7,5.55858437E10
FRST,7,1033620.0
SBTC,7,8268390.0
GXS,7,7.518076E7
NXS,7,1.693676E7
BCX,7,7685900.0
BTS,7,1.310096E8
QTUM,7,1.538995E9
ATMC,7,6.040448E8
XZC,7,4.104636E7
ION,7,1.169615E7
NEBL,7,1.2712759E8
SAK,7,3090520.0
DASH,7,7.3962177E8
USNBT,7,1.0296599E8
XP,7,2270590.0
STEEM,7,1.653692E8
SIB,7,1723970.0
SPHR,7,1229940.0
VIA,7,1.222599E7
XDN,7,5.019464E7
ARDR,7,7.112353E7
ETN,7,1.770052E7
XEM,6,3.437953E8
ZEN,6,7856350.0
RADS,6,2464670.0
UBTC,6,1.206797E7
RDD,6,1.591143E7
PASC,6,3260620.0
IOP,6,2139410.0
BURST,6,3015150.0
STEEM,6,4.584163E8
NANO,6,2.8224096E8
XZC,6,4.623151E7
SBTC,6,7783190.0
BCN,6,2.931436E7
HT,6,9.568422E8
NXT,6,6.052344E7
ZCL,6,3.725208E7
RISE,6,4.295837E7
ETP,6,1.763611E7
SBD,6,1.9985825E8
SHIFT,6,1431660.0
VTC,6,2.20394E7
XMR,6,5.4941815E8
OF,6,1.246769E8
BCD,6,6.305843E7
XAS,6,9322370.0
BTG,6,4.475816E8
DGB,6,4.276849E7
DCR,6,7975890.0
USNBT,6,2.490344E8
XLM,6,1.6249417E9
ARDR,6,1.743598E8
FRGC,6,5477900.0
MIOTA,6,4.474398E8
LSK,6,4.782318E8
DYN,6,2842460.0
LET,6,1.0114302E8
TX,6,2392460.0
XDN,6,6.318243E7
SYS,6,3.602202E7
GAME,6,1.407807E7
BLK,6,1390080.0
DOGE,6,1.0614164E8
ELA,6,3.483949E8
SC,6,1.453993E8
BCX,6,1.341034E7
EMC,6,3390220.0
SLS,6,1719500.0
ARK,6,3.148495E7
HSR,6,4.533866E8
LBC,6,2215900.0
XRP,6,1.466531745E10
ZEC,6,7.2909661E8
XTZ,6,9954320.0
NMC,6,2428850.0
RVR,6,2.059065E7
CHAT,6,4.834099E7
WAVES,6,1.658307E8
LTC,6,5.60307466E9
BOS,6,4092260.0
ACT,6,6.672473E7
NEO,6,2.916216E9
BTS,6,3.1377973E8
SPHR,6,1180440.0
PART,6,1722720.0
XVG,6,1.824586E8
EXCL,6,1486930.0
OC,6,7.291927E7
KMD,6,2.400254E7
BTX,6,1.002182E7
NXS,6,3593270.0
BAY,6,5670430.0
STRAT,6,9.919748E7
NEBL,6,1.692011E7
GBYTE,6,1162690.0
PPC,6,1.099464E7
ETN,6,2.436622E7
VRC,6,3673770.0
FCT,6,4.301381E7
GXS,6,9.470097E7
SKY,6,1018770.0
WICC,6,5.989192E7
ETC,6,2.00961362E9
ADK,6,2.009497E7
DASH,6,6.6338428E8
GRS,6,2.360901E7
SYNX,6,1.19715E7
VIA,6,1.704149E7
NAV,6,2.415453E7
BCH,6,6.93539E9
BTC,6,6.46605392E10
ION,6,1.359158E7
XCP,6,5107330.0
BSD,6,4724730.0
DCT,6,1172970.0
EMC2,6,1.1964835E8
EXP,6,5026010.0
QTUM,6,2.400614E9
XP,6,3243930.0
ATMC,6,7.958784E8
ADA,6,4.708104E9
EDR,6,2177590.0
ATB,6,2.060523E7
MONA,6,2.900739E7
ETH,6,2.651384202E10
PIVX,6,7.433485E7
SBD,5,1.1013551E8
NEO,5,2.998633E9
SPHR,5,2554900.0
PART,5,2963410.0
QTUM,5,2.58869E9
HT,5,1.698972E8
DYN,5,6586870.0
PPC,5,2.009936E7
OC,5,2.294087E7
BSD,5,5900490.0
BBR,5,1930220.0
FCT,5,4.85526E7
RISE,5,4.859789E7
GBYTE,5,4071590.0
MEME,5,9134100.0
BCH,5,4.425066E9
RADS,5,6237640.0
BLK,5,2808370.0
KORE,5,5328090.0
THC,5,2628590.0
BTC,5,6.26536449E10
XTZ,5,1.470256E7
BCN,5,3.72778E7
HTML,5,2514590.0
NLG,5,1452740.0
ATB,5,3.193229E7
FRST,5,1049450.0
XVG,5,2.669696E8
SMART,5,1083090.0
NMC,5,8295270.0
BCD,5,1.0684064E8
DOGE,5,1.3618327E8
BAY,5,2.484011E7
IOP,5,1359950.0
XMR,5,5.4471295E8
WICC,5,5.123894E7
XAS,5,1.242781E7
NXT,5,8.326583E7
SYS,5,2.36549E7
LSK,5,6.404372E8
LBC,5,7993630.0
XVC,5,1195640.0
NEBL,5,2.535022E7
XEM,5,3.297476E8
BOS,5,9416830.0
ETH,5,2.989828628E10
SIB,5,4396900.0
DGB,5,7.791849E7
ETN,5,3.056782E7
AUR,5,1619790.0
PASC,5,6864660.0
ZEN,5,1.679138E7
SYNX,5,9691750.0
ADA,5,5.357532E9
KMD,5,4.578496E7
UNB,5,3418930.0
VTC,5,2.308157E7
LEA,5,2828900.0
XRP,5,1.160783937E10
DAV,5,1115390.0
ADK,5,1.911692E7
GRS,5,2.723639E7
NAV,5,1.357349E7
RIC,5,6816140.0
VRC,5,1.39624E7
BTW,5,1924840.0
DCT,5,1.267753E7
BTG,5,3.851388E8
ETP,5,2.401982E7
BTS,5,2.588585E8
EMC,5,1.008196E7
XDN,5,9.844123E7
ZCL,5,7.317381E7
ETC,5,1.69394604E9
MIOTA,5,5.533208E8
SC,5,2.318182E8
XCP,5,1.788831E7
SHIFT,5,1541080.0
ACT,5,9.064447E7
BCX,5,1.825035E7
LTC,5,4.30227802E9
BTX,5,1.020004E7
BURST,5,1.278501E7
NXS,5,1.01455E7
DASH,5,7.5405889E8
WAVES,5,1.934302E8
PIVX,5,6.168679E7
EXP,5,2120600.0
ION,5,4.154858E7
STEEM,5,5.973159E8
NANO,5,3.107296E8
VIA,5,8316300.0
BCC,5,1.050082E7
EDR,5,9295310.0
GAME,5,2.691814E7
XP,5,1.04151E7
EMC2,5,5.452531E7
USNBT,5,1.5038255E8
GXS,5,6.382514E7
ATMC,5,8.882127E8
HSR,5,6.629336E8
STRAT,5,1.565852E8
XLM,5,1.669441E9
CHAT,5,1.418635E8
SLS,5,1.18889E7
RDD,5,2.749526E7
SKY,5,2706070.0
LET,5,8.932617E7
OF,5,1.8350008E8
ARK,5,3.956091E7
DCR,5,2.500869E7
RVR,5,6.852098E7
XMG,5,1080490.0
CLOAK,5,2407070.0
XZC,5,4.15158E7
OK,5,2218810.0
FRGC,5,4225680.0
ZEC,5,5.599636E8
ELA,5,1.284495E8
ARDR,5,1.803279E8
BLOCK,5,1.592176E7
MONA,5,3.923986E7
SBTC,5,2.323458E7
UBTC,5,5073610.0
UBQ,5,2807410.0
ETP,4,3.689743E7
SPR,4,1607280.0
XZC,4,4.725488E7
LBC,4,1.625218E7
BLK,4,1.672728E7
BTG,4,7.585678E8
BSD,4,4.256186E7
FTC,4,1229870.0
ARDR,4,3.585733E8
XVG,4,3.854852E8
ZEC,4,5.5627022E8
BCC,4,1.586402E7
NAV,4,2.235313E7
BAY,4,4.850217E7
DCT,4,2.658135E7
LUX,4,2757540.0
DYN,4,1054080.0
BTX,4,4645430.0
PROC,4,5664720.0
WAVES,4,2.612021E8
MEME,4,2.199357E7
XEL,4,2975320.0
WICC,4,6.764752E7
ZEN,4,9446820.0
CHAT,4,4.279838E7
HBC,4,1018280.0
DOGE,4,1.8361672E8
CJ,4,5989870.0
EDR,4,2460150.0
HSR,4,1.088464E9
PIVX,4,4.1662366E8
B2X,4,1220810.0
SLS,4,1.180821E7
XCP,4,4.267088E7
MUE,4,1.138949E7
QTUM,4,2.817226E9
THC,4,1.794642E7
XLM,4,3.145395E9
UBQ,4,1.269681E7
SYNX,4,3.508678E7
RADS,4,1.997347E7
ARK,4,7.641235E7
NEO,4,2.13648E9
GRS,4,5.123108E7
ZCL,4,9.452454E7
VIA,4,2.938502E7
ION,4,1.783411E8
VRC,4,1.0286174E8
XAS,4,1.692219E7
SPHR,4,5349340.0
FCT,4,5.930403E7
NXT,4,2.4130006E8
ADA,4,3.710111E9
DGB,4,8.760207E7
CANN,4,2160500.0
SMART,4,4216440.0
BCN,4,4.850073E7
ACT,4,1.764718E8
GXS,4,6.431418E7
ETC,4,1.58119731E9
ADK,4,2.408364E7
SIB,4,8800620.0
LSK,4,3.754566E8
XMR,4,6.5952595E8
BTC,4,6.61246541E10
LTC,4,2.85286901E9
RVR,4,6.166415E7
BCH,4,3.887642E9
PART,4,1.3804E7
SC,4,3.587078E8
ERY,4,1303070.0
MIOTA,4,4.901029E8
DCR,4,8682090.0
STEEM,4,9.596747E8
EMC,4,1.557792E7
OMNI,4,7972640.0
ATMC,4,8.543062E8
NMC,4,7156550.0
OF,4,9.98916E7
KMD,4,7.513701E7
NEBL,4,5.459884E7
SYS,4,5.519718E7
ETN,4,3.040513E7
FRGC,4,7858220.0
NANO,4,1.452751E8
BCD,4,9.73678E7
PASC,4,3.689336E7
SBD,4,4.537702E8
BURST,4,1.864441E7
HTML,4,4427780.0
EMC2,4,1.3189939E8
STRAT,4,3.200771E8
NXS,4,1.213395E7
SHIFT,4,4199900.0
SAK,4,1162840.0
EXP,4,2927070.0
XP,4,1.066369E7
XRP,4,1.252890507E10
XWC,4,1047740.0
KORE,4,1002920.0
LINDA,4,1026230.0
OK,4,4871210.0
USNBT,4,4.086936E7
XTZ,4,9819350.0
MONA,4,3.509571E7
VTC,4,3.339041E7
CLOAK,4,4462020.0
GAME,4,2.980323E7
ETH,4,2.745596918E10
PPC,4,1.387346E7
RISE,4,2.134562E7
ECC,4,2267550.0
GBYTE,4,8043020.0
RDD,4,3.257148E7
ATB,4,3.414339E7
EXCL,4,2696110.0
SBTC,4,2.829584E7
BCX,4,6.176567E7
BTS,4,3.760824E8
DASH,4,7.9252938E8
BCA,4,1656880.0
REC,4,1084750.0
POT,4,2880880.0
IOP,4,6230980.0
XEM,4,7.529043E8
LET,4,2.950946E7
UBTC,4,2995550.0
UNB,4,3.020533E7
XDN,4,1.494424E8
THC,3,1.278677E7
EBST,3,2.114065E7
PND,3,1030910.0
MUE,3,1082190.0
ARDR,3,6.0052588E8
XZC,3,4.17354E7
DCR,3,2.813426E7
LBC,3,2.673033E7
BCH,3,8.202846E9
GBYTE,3,1.359428E7
EXP,3,1.107319E7
START,3,1074950.0
XBY,3,3118480.0
PASC,3,1135980.0
HTML,3,1.65558E7
DBIX,3,6333080.0
ZCL,3,1.121686E8
MINT,3,2155440.0
UBTC,3,4079450.0
SIB,3,1525270.0
WC,3,1056260.0
BTS,3,5.083156E8
ZEN,3,1.170372E7
BYC,3,1924470.0
NAV,3,4.196267E7
TTC,3,1485020.0
PPC,3,2.102066E7
XTZ,3,2.226505E7
LMC,3,1055600.0
PIGGY,3,1007020.0
MUSIC,3,1488160.0
FCT,3,1.225226E8
ETP,3,4.627078E7
GAME,3,4.90311E7
GRC,3,2197260.0
UBQ,3,1.514873E7
VIA,3,8490900.0
KMD,3,1.330555E8
ADK,3,2.548162E7
B2X,3,4829440.0
USNBT,3,1.000694E8
PINK,3,1119870.0
XCP,3,2.880848E7
BCD,3,1.538096E8
MIOTA,3,1.0551999E9
NEO,3,6.889123E9
WAVES,3,3.450263E8
XLM,3,2.343512E9
RADS,3,7463200.0
DCT,3,5183870.0
SLR,3,3174390.0
OMNI,3,6903890.0
IOC,3,1.313265E7
KORE,3,2971740.0
BSD,3,3401920.0
GOLOS,3,1.74844E7
XMR,3,1.48537279E9
XVG,3,1.1147017E9
BTC,3,9.98686216E10
LTC,3,6.06696659E9
PIVX,3,6.07259E7
SHIFT,3,5074090.0
BTX,3,2.282743E7
TX,3,9602970.0
FTC,3,1023920.0
POT,3,3683610.0
DYN,3,8488250.0
XEM,3,9.62415E8
SMART,3,1.271169E7
DOGE,3,3.3031977E8
LINDA,3,1.310226E7
BTG,3,3.862998E9
CYDER,3,1045420.0
MEME,3,2.384988E7
BLOCK,3,1302810.0
UNB,3,1.339635E7
VIDZ,3,4223260.0
ARK,3,9.840722E7
BTCD,3,2356830.0
CPC,3,3732990.0
DASH,3,1.23810552E9
IOP,3,7110650.0
XAS,3,2.771861E7
NEBL,3,2.4568464E8
NEOS,3,1052090.0
ETN,3,5.67723E7
XEL,3,1.597736E7
ION,3,1.4388171E8
SBD,3,5.3748194E8
NANO,3,1.449945E8
EMC,3,2.399866E7
BAY,3,5.726319E7
ETC,3,3.57394567E9
XMY,3,1.030053E7
ATB,3,2.989206E7
BCC,3,1.2199121E8
WICC,3,7.432593E7
XSTC,3,5795250.0
FRGC,3,9034770.0
BURST,3,5.295651E7
ACT,3,1.353303E8
LSK,3,5.548006E8
PART,3,5748020.0
XWC,3,1.507068E7
SLS,3,3.290534E7
BCN,3,6.594521E7
CHAT,3,1.128271E7
DGB,3,1.799472E8
ZEC,3,1.12701088E9
SYS,3,5.347007E7
OK,3,2.162113E7
XRP,3,3.278599283E10
CLOAK,3,2.045315E7
BCA,3,3501370.0
VRC,3,4.685802E7
BLITZ,3,1028580.0
EMC2,3,2.934907E8
HSR,3,8.9089E8
SBTC,3,2.660894E7
SYNX,3,1.716038E7
BCX,3,1.1534082E8
FAIR,3,1360300.0
LKK,3,2285950.0
NMC,3,8136390.0
BLK,3,7967980.0
ATMC,3,8.193209E8
ETHD,3,1006980.0
RISE,3,3.156847E7
BITB,3,2443410.0
$PAC,3,4626380.0
QTUM,3,7.729367E9
LUX,3,1.042622E7
NXS,3,1.956442E7
NLG,3,1.168361E7
RDD,3,9.663111E7
SPHR,3,3.960364E7
EXCL,3,3602830.0
MONA,3,9.077784E7
STEEM,3,4.23319E8
VTC,3,6.115168E7
ADA,3,7.776007E9
GRS,3,8.08966E7
XP,3,2.168396E7
GXS,3,7.279404E7
RVR,3,1.2176609E8
ETH,3,3.922140591E10
SEQ,3,1101560.0
XVC,3,1071270.0
XDN,3,2.421353E8
ABY,3,2348990.0
NXT,3,1.359759E8
SC,3,9.756104E8
STRAT,3,4.472974E8
UNB,2,2.124825E7
GAME,2,9.112839E7
BRK,2,1.684598E7
XLR,2,3627090.0
LUX,2,1.795102E7
RVR,2,1.1091228E8
XWC,2,1.580664E7
BCD,2,3.6348795E8
MIOTA,2,1.456225E9
EMC2,2,7.470711E7
MONA,2,6.011376E7
NMC,2,3.428954E7
SLS,2,5001190.0
UBTC,2,2177080.0
PASC,2,4575390.0
DCR,2,3.173247E7
MUSIC,2,3.313563E7
OK,2,2.199338E7
BTCD,2,2379660.0
VTR,2,2073330.0
$PAC,2,2.819357E7
XVG,2,2.0033606E9
B2X,2,1.087226E7
NYC,2,2028190.0
SBTC,2,3.800252E7
NXT,2,2.150817E8
RC,2,2188910.0
XGOX,2,1121170.0
ARDR,2,2.81823E7
NAV,2,8.592236E7
DBIX,2,1.78963E7
EBST,2,9.084739E7
ZCL,2,1.828462E8
ECC,2,2972230.0
EDR,2,1516520.0
RADS,2,3.498957E7
VLTC,2,1225370.0
XDN,2,2.130398E8
ETN,2,6.619435E7
THC,2,4.190345E7
WC,2,9662730.0
STN,2,1715520.0
BCX,2,5.443731E7
RDD,2,1.69229E8
SC,2,8.230151E8
GBYTE,2,3.06401E7
SHND,2,7898540.0
ZEC,2,1.44638818E9
START,2,7282380.0
CYDER,2,1633560.0
XZC,2,7.956539E7
HUSH,2,5212560.0
CLAM,2,6373370.0
ADA,2,1.779148E9
MOON,2,4534000.0
SIB,2,5282860.0
SEQ,2,1.249328E7
HSR,2,1.322563E9
ADC,2,4073310.0
ZER,2,4993880.0
XRP,2,2.560067386E10
BLITZ,2,4128420.0
PART,2,4.409053E7
BYC,2,6589940.0
SLR,2,2.377985E7
CALC,2,1598510.0
PKB,2,6805180.0
NMS,2,1035540.0
PIVX,2,5.987849E7
BLK,2,1.844899E7
OPC,2,1494280.0
WICC,2,1.4099056E8
SPHR,2,2.081466E7
DASH,2,1.3677826E9
MINT,2,1.686839E7
NEBL,2,7.372026E8
SYS,2,6.211951E7
ODN,2,3173040.0
NXS,2,3.086197E7
RBY,2,3587970.0
KMD,2,7.725783E7
XCP,2,9.387226E7
ARK,2,1.8207674E8
FIL,2,3280400.0
VIA,2,2.721022E7
DOGE,2,6.920949E8
SPRTS,2,3025230.0
FLASH,2,5648550.0
SAGA,2,2657710.0
EXCL,2,5300490.0
XP,2,5.812956E7
RIC,2,1524660.0
BAY,2,6.084405E7
IOC,2,5422640.0
SYNX,2,2.807526E7
VTC,2,6.365812E7
CPC,2,1.61927E7
OMNI,2,9324760.0
BTC,2,1.084206456E11
GCR,2,2768320.0
GRS,2,2.214753E7
BCN,2,1.197626E8
DOPE,2,1387630.0
WAVES,2,3.756928E8
CREA,2,1007050.0
DFS,2,2.096846E7
STRAT,2,4.106791E8
XEM,2,5.069052E8
EMC,2,3.536382E7
FRGC,2,1.124227E7
BTS,2,4.799986E8
SMART,2,1.98061E7
COUPE,2,4007540.0
CURE,2,1004950.0
PND,2,2.209636E7
SPR,2,1.897656E7
CMPCO,2,4262310.0
SEND,2,2380850.0
ETP,2,8.215146E7
RBT,2,5083100.0
MEME,2,2.581574E7
STEEM,2,1.077048E8
TRUST,2,1026870.0
XBY,2,1.003648E7
ESP,2,3568330.0
ACT,2,2.7537E8
LINDA,2,6.364123E7
MUE,2,6855740.0
NEOS,2,1.252047E7
XEL,2,2.582068E7
PIRL,2,1114310.0
XMG,2,1322580.0
SUMO,2,1454820.0
DCT,2,1.549407E7
XLM,2,1.737672E9
XMR,2,1.81658264E9
CANN,2,8839960.0
EXP,2,1.43872E7
PPC,2,5.497024E7
BCC,2,1.3644572E8
PROC,2,4267400.0
POT,2,2.004189E7
GXS,2,1.383941E8
BTX,2,1.726862E7
FTC,2,1.034907E7
SBD,2,1.611405E7
BWK,2,2501030.0
FAIR,2,2154580.0
NLG,2,2.125733E7
GRC,2,5197680.0
ONION,2,1.294074E7
BUZZ,2,1067590.0
NEO,2,2.732727E9
TX,2,4293090.0
ION,2,9682560.0
PHR,2,3987310.0
FCT,2,1.8981329E8
ABY,2,1.342324E7
KB3,2,3240890.0
SKY,2,4155020.0
ATMC,2,8.129182E8
VRC,2,1.7848439E8
LSK,2,6.129157E8
QTUM,2,5.851206E9
BSD,2,3.352579E7
CLUB,2,1566360.0
PINK,2,6523790.0
PURA,2,6728020.0
FLO,2,1.191795E7
IFC,2,1004350.0
LBC,2,4.97853E7
USNBT,2,4.512702E7
BTG,2,2.696339E9
ENRG,2,1.677839E7
RISE,2,4.238821E7
BCH,2,1.036251E10
EFL,2,3658260.0
INFX,2,1993450.0
XAS,2,2.917623E7
XMY,2,2.021605E7
UBQ,2,1.736716E7
DYN,2,9013530.0
ETHD,2,8884320.0
HTML,2,3.398549E7
CRX,2,1628870.0
ZEN,2,3.148456E7
ETC,2,5.79344823E9
LTC,2,7.1091774E9
XSH,2,4102750.0
AEON,2,8745780.0
XVC,2,1271410.0
BITB,2,1.722574E7
CLOAK,2,9620490.0
NOBL,2,5172710.0
DIME,2,1.404662E7
KORE,2,6540100.0
DGB,2,3.471478E8
IOP,2,9530150.0
PRN,2,1373550.0
CRW,2,1794990.0
ETH,2,4.884429652E10
LMC,2,1.284443E7
ATB,2,4.076017E7
BURST,2,7.050861E7
NANO,2,2.382525E8
SHIFT,2,1.037887E7
VRM,2,8809690.0
XTZ,2,1.029735E7
COLX,1,6815960.0
PTC,1,1538690.0
ZCL,1,2.7722E8
NLC2,1,1004190.0
SKY,1,9111170.0
BCN,1,2.000606E8
SLR,1,2.851102E7
HTML,1,4.457313E7
B2X,1,1.436321E7
NEBL,1,1.8996116E8
AEON,1,1.04329E7
HBC,1,6517130.0
SLS,1,3.146013E7
XMR,1,1.43192678E9
BT2,1,1055440.0
EXP,1,3.367046E7
GAM,1,1634430.0
NLG,1,8325700.0
XLM,1,5.266725E9
QTUM,1,7.786843E9
ETH,1,3.70904954E10
STEEM,1,3.577819E8
FLASH,1,7405520.0
UNB,1,2.103089E7
DCR,1,3.740857E7
TX,1,7483230.0
ATB,1,2.87405E7
BITB,1,3.921052E7
2GIVE,1,3540370.0
CLAM,1,1.460816E7
SNRG,1,3665510.0
EXCL,1,4013450.0
MEME,1,3.083773E7
NANO,1,4.631129E8
GRS,1,4.685349E7
NYC,1,5517600.0
PASC,1,1.864941E7
ACT,1,1.2183568E8
STRAT,1,3.873845E8
NXS,1,1.5966363E8
XLR,1,5720900.0
GAIN,1,1196140.0
LUX,1,4866130.0
MUE,1,2.579263E7
SHND,1,9659630.0
GCN,1,1931360.0
PHR,1,1211770.0
INFX,1,4155320.0
BRK,1,1299640.0
NXT,1,5.305249E8
PINK,1,1.451597E7
PKB,1,4674620.0
BAY,1,1.9548082E8
UBQ,1,4.19096E7
BTG,1,1.055986E9
ABY,1,4731240.0
LSK,1,9.048646E8
MONA,1,8.063902E7
DASH,1,1.56255484E9
VIA,1,2.347792E7
ADA,1,2.722508E9
FTC,1,2.881701E7
GAME,1,7.096384E7
LBC,1,7.317839E7
CLOAK,1,2.011953E7
BURST,1,1.2888906E8
NAV,1,9.169645E7
VTR,1,2680750.0
SEND,1,1389880.0
XZC,1,1.282564E8
DBIX,1,1153770.0
LTC,1,1.3844304E10
GCR,1,2.920795E7
BIS,1,1110680.0
DOPE,1,1.706079E7
SPRTS,1,5192700.0
WAVES,1,4.052407E8
ECA,1,1.917244E7
NEO,1,1.813403E9
FLO,1,3718060.0
NEOS,1,1.5211E7
NMC,1,4.440463E7
VRC,1,1.841873E7
SPR,1,3.579108E7
GRC,1,8511600.0
HUSH,1,7129020.0
BTX,1,3.775838E7
OMNI,1,1.363017E7
DGB,1,7.80522E8
SIB,1,6055150.0
AUR,1,2928580.0
ONION,1,3813970.0
SUMO,1,1396890.0
EMC,1,2.038739E7
XWC,1,1.555201E7
ARDR,1,1.3348419E8
RIC,1,2688570.0
LMC,1,3.846432E7
BRX,1,3858560.0
BCX,1,1.965671E7
BTC,1,1.265815626E11
CURE,1,2785900.0
KMD,1,1.384665E8
XBY,1,3.161978E7
OK,1,5.893751E7
CLUB,1,6524010.0
USNBT,1,4.93213E7
EMC2,1,1.4400409E8
ETC,1,5.46530311E9
MIOTA,1,1.737518E9
MINT,1,1.274845E7
RDD,1,5.331584E8
IOC,1,3323490.0
STAK,1,1429050.0
XVG,1,3.38803E9
ETN,1,1.1687631E8
BLK,1,1.0564935E8
BSD,1,1415710.0
FRGC,1,7499870.0
XEL,1,1.959717E7
DMD,1,1.307427E7
PART,1,2575500.0
XSPEC,1,9023070.0
XCN,1,1081350.0
PIVX,1,5.100003E7
CANN,1,5.901136E7
XAS,1,3.177565E7
HSR,1,1.604887E9
LINDA,1,2.630369E7
XRP,1,3.128396701E10
ZEC,1,1.7763661E9
GXS,1,1.3778186E8
POSW,1,1057440.0
THC,1,5.53936E7
XMG,1,8989650.0
WC,1,1208190.0
MUSIC,1,2.412424E7
ZER,1,2051220.0
BLOCK,1,1070390.0
DIME,1,2887510.0
XRY,1,1612130.0
DYN,1,3.079437E7
CRW,1,1635200.0
XMY,1,3.179427E7
SYNX,1,9433600.0
DOGE,1,1.10086211E9
PND,1,7087270.0
START,1,9901880.0
XCP,1,4.043452E7
VRM,1,2.460026E7
$PAC,1,8.850589E7
BCH,1,1.8049793E10
VTC,1,1.153301E8
RVR,1,1.514427E8
BCC,1,1.870421E8
BCO,1,1282750.0
XSH,1,8212500.0
TRUST,1,8912280.0
ODN,1,2516660.0
XPM,1,1.122625E7
REC,1,2409720.0
RADS,1,1.824665E7
ZEN,1,3.334495E7
BTS,1,5.67141E8
KB3,1,3725140.0
SHIFT,1,1.595171E7
ATMC,1,7.771943E8
SPHR,1,4.329223E7
TTC,1,1273000.0
EMB,1,5908990.0
BCD,1,1.24834084E9
XPY,1,1706630.0
XTZ,1,9128450.0
FCT,1,3.8150371E8
EDR,1,6486220.0
XEM,1,1.1615918E9
POT,1,4.758646E7
SYS,1,1.0561589E8
ARK,1,1.48671E8
SC,1,1.2451566E9
XP,1,1.6227058E8
RISE,1,6.044575E7
SBD,1,3.289355E7
SBTC,1,1.308682E7
ION,1,1190940.0
GBYTE,1,1.819435E7
ZOI,1,1699780.0
KORE,1,6331790.0
ETP,1,1.3862887E8
MOON,1,2.264541E7
BWK,1,1169780.0
IOP,1,4.919532E7
CPC,1,7171690.0
DCT,1,2.47152E7
XDN,1,3.0609543E8
GLD,1,5361740.0
SMART,1,3255960.0
XVC,1,5458800.0
PPC,1,5.875785E7
EBST,1,2.309143E7
